name,lang,id,n,size(B),cpu(s),mem(KB),status,load,elapsed(s),busy(s)
binarytrees,ocaml,2,21,751,11.153,152708,0,57% 84% 54% 81%,4.118,11.351
binarytrees,gpp,2,21,508,21.417,265116,0,1% 0% 100% 2%,21.419,21.931
binarytrees,rust,4,21,756,4.361,165776,0,88% 88% 98% 87%,1.211,4.379
binarytrees,swift,2,21,816,50.387,701496,0,78% 65% 74% 100%,15.967,50.451
binarytrees,rust,2,21,721,4.297,143452,0,87% 99% 87% 87%,1.203,4.321
binarytrees,gcc,3,21,836,5.485,103240,0,100% 65% 59% 58%,1.961,5.518
binarytrees,yarv,2,21,378,78.114,559644,0,1% 0% 100% 0%,77.426,78.577
binarytrees,swift,3,21,862,50.632,701592,0,79% 100% 65% 75%,15.928,50.777
binarytrees,php,2,21,423,92.927,743780,0,0% 0% 94% 6%,92.933,93.468
binarytrees,mri,4,21,364,676.313,1558916,0,14% 25% 22% 41%,676.497,682.828
binarytrees,perl,4,21,761,278.131,2519452,0,91% 87% 87% 97%,76.821,278.458
binarytrees,java,2,21,552,5.799,1731532,0,49% 29% 8% 30%,5.029,5.824
binarytrees,clang,2,21,809,6.128,169400,0,72% 79% 70% 100%,1.931,6.193
binarytrees,gpp,6,21,844,5.869,221636,0,68% 89% 48% 62%,2.221,5.919
binarytrees,icc,3,21,836,6.568,105228,0,81% 73% 86% 89%,2.012,6.596
binarytrees,php,1,21,451,97.316,743760,0,100% 0% 0% 0%,97.322,97.842
binarytrees,openj9,7,21,835,6.790,891284,0,78% 79% 90% 78%,2.098,6.835
binarytrees,ifc,2,21,1148,7.283,111812,0,67% 100% 66% 69%,2.431,7.341
binarytrees,php,4,21,770,96.831,1554272,0,76% 83% 78% 86%,30.090,97.000
binarytrees,julia,5,21,390,39.227,604828,0,81% 75% 82% 80%,12.388,39.419
binarytrees,dartsnapshot,1,21,457,21.892,499504,0,19% 20% 23% 97%,13.820,22.056
binarytrees,csharppreview,3,21,676,15.310,1586920,0,83% 85% 76% 74%,4.859,15.429
binarytrees,php,7,21,751,96.517,1584436,0,89% 90% 100% 87%,26.464,96.665
binarytrees,gpp,4,21,1270,3.988,112820,0,99% 59% 52% 53%,1.533,4.026
binarytrees,yarv,1,21,376,77.486,559628,0,1% 0% 100% 1%,76.823,77.944
binarytrees,fsharpcore,7,21,516,16.626,1504008,0,61% 79% 64% 64%,6.220,16.633
binarytrees,ghc,1,21,494,27.385,667372,0,30% 30% 49% 81%,14.577,27.637
binarytrees,sbcl,3,21,932,7.169,450996,0,54% 78% 56% 50%,3.016,7.175
binarytrees,racketcs,4,21,853,11.223,560232,0,37% 36% 39% 48%,7.061,11.333
binarytrees,go,4,21,654,53.027,364744,0,95% 97% 97% 96%,13.795,53.070
binarytrees,python3,1,21,589,171.407,448980,0,86% 86% 87% 94%,48.448,171.576
binarytrees,typescript,1,21,797,18.916,1248028,0,84% 85% 84% 79%,5.715,18.992
binarytrees,icc,2,21,809,5.602,170544,0,70% 71% 79% 100%,1.757,5.635
binarytrees,lua,2,21,412,144.231,960080,0,1% 0% 0% 99%,144.352,145.635
binarytrees,perl,3,21,648,355.605,2200764,0,74% 74% 92% 97%,105.325,356.196
binarytrees,csharpaot,6,21,753,7.431,685828,0,87% 81% 81% 86%,2.232,7.479
binarytrees,chapel,3,21,488,24.366,298380,0,100% 77% 56% 75%,7.936,24.498
binarytrees,ghc,2,21,491,27.001,455036,0,29% 29% 29% 100%,14.211,26.660
binarytrees,hipe,2,21,478,11.995,435300,0,74% 72% 81% 65%,4.139,12.082
binarytrees,fpascal,6,21,959,4.944,103264,0,100% 58% 50% 42%,1.993,4.976
binarytrees,ghc,8,21,799,16.517,468248,0,92% 86% 89% 93%,4.618,16.612
binarytrees,go,5,21,950,53.085,362892,0,99% 99% 99% 99%,13.393,53.154
binarytrees,ghc,3,21,538,26.930,635384,0,96% 93% 95% 89%,7.247,26.985
binarytrees,racketcs,2,21,416,9.858,326680,0,1% 1% 100% 0%,9.860,10.001
binarytrees,php,6,21,868,130.303,735580,0,89% 79% 80% 91%,38.598,130.681
binarytrees,go,6,21,611,36.309,355328,0,98% 1% 2% 2%,35.288,36.531
binarytrees,racketcs,3,21,473,6.860,322056,0,0% 0% 0% 100%,6.862,6.872
binarytrees,gpp,8,21,820,6.217,221596,0,74% 89% 58% 47%,2.346,6.279
binarytrees,gnat,3,21,1266,44.068,528208,0,76% 77% 81% 77%,14.239,44.398
binarytrees,hipe,1,21,420,10.337,542588,0,21% 13% 68% 1%,10.140,10.395
binarytrees,gcc,2,21,809,5.621,168724,0,63% 65% 99% 60%,1.973,5.658
binarytrees,fsharpcore,5,21,635,9.038,575900,0,87% 84% 84% 83%,2.674,9.036
binarytrees,perl,1,21,395,250.778,599468,0,0% 100% 0% 0%,250.888,252.498
binarytrees,ocamlflambda,5,21,461,9.987,350464,0,1% 1% 0% 100%,9.988,10.169
binarytrees,java,7,21,835,7.875,2496112,0,78% 91% 74% 75%,2.475,7.877
binarytrees,go,0,21,689,128.652,663828,0,98% 98% 97% 97%,33.048,128.927
binarytrees,fsharpcore,8,21,769,13.498,764624,0,82% 82% 86% 87%,4.017,13.529
binarytrees,racket,2,21,416,13.936,593060,0,100% 1% 0% 0%,13.914,14.065
binarytrees,sbcl,1,21,589,9.793,432848,0,0% 0% 100% 0%,9.794,9.834
binarytrees,gnat,1,21,888,23.935,265408,0,0% 1% 0% 100%,23.937,24.257
binarytrees,ifc,1,21,773,28.499,525564,0,1% 100% 0% 0%,28.502,28.722
binarytrees,dartsnapshot,4,21,1349,31.247,565080,0,87% 83% 91% 83%,9.088,31.287
binarytrees,yarv,5,21,1096,62.451,368032,0,60% 61% 65% 93%,22.429,62.561
binarytrees,csharpaot,3,21,676,16.600,1611316,0,84% 75% 79% 81%,5.220,16.617
binarytrees,fpascal,5,21,953,4.676,103264,0,43% 42% 100% 50%,2.007,4.688
binarytrees,vw,3,21,930,29.521,375832,0,74% 71% 36% 50%,16.362,37.895
binarytrees,dartsnapshot,3,21,1206,58.064,1201368,0,94% 95% 94% 96%,15.291,58.139
binarytrees,dartexe,4,21,1349,28.528,550916,0,87% 92% 82% 79%,8.415,28.587
binarytrees,openj9,2,21,552,8.501,723788,0,20% 97% 9% 35%,5.322,8.584
binarytrees,go,1,21,482,49.852,253248,0,48% 44% 47% 35%,28.726,49.845
binarytrees,openj9,6,21,529,8.855,629788,0,91% 18% 31% 39%,4.950,8.873
binarytrees,julia,2,21,423,24.711,702964,0,9% 10% 99% 10%,19.441,24.815
binarytrees,yarv,4,21,364,54.583,559712,0,100% 1% 1% 1%,53.952,55.073
binarytrees,python3,2,21,338,143.891,274448,0,100% 0% 0% 0%,143.899,144.920
binarytrees,openj9,3,21,540,8.725,926656,0,8% 12% 97% 37%,5.636,8.692
binarytrees,gfortran,1,21,773,16.733,264588,0,0% 76% 1% 25%,16.744,16.961
binarytrees,java,6,21,529,5.672,1730116,0,39% 11% 37% 29%,4.903,5.724
binarytrees,openj9,4,21,840,9.023,627568,0,44% 19% 89% 14%,5.472,9.011
binarytrees,ghc,5,21,561,26.771,697596,0,91% 97% 92% 90%,7.292,27.008
binarytrees,java,3,21,540,5.673,2207808,0,36% 18% 56% 7%,4.842,5.640
binarytrees,php,5,21,1040,123.964,735796,0,83% 90% 8% 85%,46.893,124.683
binarytrees,go,3,21,799,53.232,370656,0,97% 96% 97% 98%,13.698,53.271
binarytrees,node,1,21,711,19.282,1177548,0,82% 85% 82% 78%,5.899,19.358
binarytrees,swift,1,21,714,57.851,733276,0,72% 95% 62% 69%,19.520,58.001
binarytrees,gcc,5,21,908,29.893,351308,0,82% 95% 93% 93%,8.263,29.998
binarytrees,racketcs,1,21,476,15.734,509656,0,1% 100% 0% 0%,15.779,15.969
binarytrees,java,4,21,840,5.709,1877524,0,15% 20% 62% 21%,4.928,5.779
binarytrees,rust,3,21,754,4.649,140372,0,89% 99% 88% 90%,1.279,4.688
binarytrees,csharppreview,6,21,753,7.770,797284,0,89% 83% 81% 78%,2.362,7.785
binarytrees,go,2,21,660,52.725,371500,0,95% 94% 99% 95%,13.789,52.763
binarytrees,rust,1,21,751,8.328,113276,0,86% 99% 87% 87%,2.344,8.388
binarytrees,csharpcore,3,21,676,16.160,1620344,0,86% 79% 73% 76%,5.182,16.269
binarytrees,gnat,4,21,2107,11.463,202364,0,76% 95% 81% 75%,3.519,11.517
binarytrees,node,7,21,451,37.161,1271780,0,33% 31% 26% 28%,31.861,37.286
binarytrees,node,6,21,744,22.158,1211380,0,58% 67% 69% 65%,8.599,22.339
binarytrees,dart,3,21,1206,54.765,1298352,0,94% 93% 94% 93%,14.664,54.894
binarytrees,typescript,6,21,842,22.942,1235604,0,62% 46% 54% 66%,10.026,22.971
binarytrees,icc,1,21,654,17.056,263756,0,0% 100% 0% 0%,17.058,17.108
binarytrees,yarv,3,21,400,79.174,635408,0,59% 10% 1% 32%,78.635,79.796
binarytrees,swift,4,21,765,59.937,701568,0,75% 67% 100% 79%,18.766,60.252
binarytrees,ocaml,5,21,461,9.380,154524,0,0% 100% 0% 1%,9.382,9.513
binarytrees,clang,1,21,654,15.615,263660,0,0% 0% 100% 0%,15.618,15.708
binarytrees,racket,4,21,853,16.699,993172,0,80% 38% 51% 76%,6.814,16.720
binarytrees,go,9,21,1007,42.885,396032,0,88% 86% 89% 85%,12.361,43.047
binarytrees,gpp,9,21,809,5.532,104788,0,89% 59% 57% 75%,2.004,5.607
binarytrees,dartexe,3,21,1206,48.579,947912,0,95% 93% 93% 95%,12.962,48.605
binarytrees,typescript,7,21,519,36.428,1147260,0,22% 35% 35% 24%,31.381,36.401
binarytrees,gcc,1,21,654,19.724,263652,0,83% 0% 0% 17%,19.727,19.853
binarytrees,csharpcore,6,21,753,7.470,754044,0,88% 82% 84% 79%,2.249,7.478
binarytrees,racket,1,21,476,24.689,667992,0,0% 0% 100% 0%,24.650,24.710
binarytrees,clang,3,21,836,6.148,103920,0,70% 71% 78% 100%,1.941,6.195
binarytrees,dartexe,1,21,457,22.297,494596,0,28% 27% 75% 25%,14.524,22.525
binarytrees,racket,3,21,473,12.488,592512,0,100% 0% 0% 0%,12.467,12.517
binarytrees,fpascal,7,21,1003,4.913,103248,0,49% 100% 58% 42%,1.981,4.933
binarytrees,ocamlflambda,2,21,751,11.543,153980,0,38% 82% 99% 52%,4.295,11.619
binarytrees,lua,3,21,684,172.107,896196,0,48% 44% 54% 56%,86.145,173.215
binarytrees,gpp,3,21,945,5.928,221708,0,48% 63% 89% 68%,2.230,5.978
binarytrees,gpp,1,21,754,9.312,1804720,0,86% 94% 85% 87%,2.660,9.364
binarytrees,lua,4,21,664,186.437,896096,0,91% 93% 98% 92%,50.050,186.881
binarytrees,ghc,7,21,811,16.298,522348,0,94% 97% 94% 93%,4.335,16.373
binarytrees,dart,1,21,457,22.648,598376,0,16% 22% 23% 97%,14.411,22.701
binarytrees,python3,3,21,1238,218.042,677492,0,64% 93% 63% 72%,74.563,218.413
binarytrees,pharo,1,21,669,42.293,305476,0,96% 1% 0% 5%,42.082,42.700
binarytrees,ghc,6,21,592,19.173,469260,0,88% 88% 90% 97%,5.303,19.261
binarytrees,julia,4,21,372,29.946,603784,0,73% 80% 85% 75%,9.607,30.049
binarytrees,mri,3,21,400,562.414,840152,0,63% 37% 1% 1%,562.456,573.290
binarytrees,mri,2,21,378,754.747,1558956,0,0% 0% 100% 1%,755.171,763.969
binarytrees,dart,4,21,1349,30.811,679628,0,89% 83% 83% 86%,9.122,31.090
binarytrees,go,8,21,1017,43.047,393140,0,86% 87% 89% 86%,12.410,43.133
binarytrees,mri,5,21,1096,982.034,1413496,0,71% 97% 76% 72%,311.413,984.156
binarytrees,vw,1,21,711,38.237,374964,0,2% 0% 1% 100%,38.241,39.172
binarytrees,clang,5,21,908,26.012,351372,0,91% 89% 86% 95%,7.230,26.101
binarytrees,icc,5,21,908,27.502,351880,0,91% 88% 98% 81%,7.701,27.615
binarytrees,swift,9,21,1001,0.000,0,-11,%,0.000,0.000
binarytrees,mri,1,21,376,753.472,1559540,0,67% 0% 33% 0%,753.656,760.158
binarytrees,go,7,21,525,51.779,257996,0,43% 47% 47% 43%,28.902,52.090
binarytrees,gfortran,2,21,1148,5.721,112388,0,66% 87% 84% 65%,1.907,5.763
binarytrees,php,3,21,428,83.672,1557328,0,0% 0% 100% 0%,83.678,84.049
fannkuchredux,yarv,2,12,1444,842.918,25628,0,99% 99% 100% 91%,217.079,843.825
fannkuchredux,csharppreview,9,12,1225,33.191,33624,0,99% 99% 100% 99%,8.383,33.260
fannkuchredux,gpp,1,12,1059,42.695,1780,0,99% 97% 100% 100%,10.865,43.002
fannkuchredux,csharppreview,6,12,1068,38.202,33296,0,100% 100% 99% 99%,9.647,38.388
fannkuchredux,ocaml,2,12,473,41.250,1668,0,0% 100% 0% 0%,41.252,41.652
fannkuchredux,swift,3,12,1097,29.544,7512,0,100% 98% 98% 100%,7.457,29.569
fannkuchredux,icc,4,12,1183,15.131,952,0,100% 0% 0% 1%,15.136,15.326
fannkuchredux,ocamlflambda,4,12,1004,0.005,20932,0,100% 100% 100% 100%,12.328,49.281
fannkuchredux,ghc,1,12,559,426.606,5952,0,12% 10% 100% 6%,313.223,401.137
fannkuchredux,dart,2,12,495,57.570,115900,0,1% 0% 100% 0%,57.465,57.895
fannkuchredux,ghc,5,12,842,47.626,4344,0,100% 100% 97% 100%,12.023,47.654
fannkuchredux,rust,3,12,1020,30.298,1012,0,99% 95% 100% 100%,7.693,30.333
fannkuchredux,icc,3,12,567,33.739,952,0,0% 0% 0% 100%,33.741,33.891
fannkuchredux,go,1,12,900,45.696,3460,0,100% 100% 100% 100%,11.501,45.965
fannkuchredux,dartexe,2,12,495,80.718,10372,0,0% 0% 100% 0%,80.721,81.231
fannkuchredux,ocamlflambda,2,12,473,48.326,3176,0,0% 0% 0% 100%,48.330,48.600
fannkuchredux,ghc,6,12,1113,40.172,4148,0,100% 99% 100% 95%,10.224,40.266
fannkuchredux,icc,5,12,910,35.745,3920,0,100% 100% 100% 97%,9.018,35.773
fannkuchredux,ocaml,3,12,1017,0.005,22296,0,100% 100% 100% 100%,8.688,34.712
fannkuchredux,sbcl,2,12,517,48.328,18808,0,0% 0% 1% 100%,48.348,48.958
fannkuchredux,sbcl,4,12,1527,37.672,32580,0,96% 98% 98% 99%,9.643,37.843
fannkuchredux,perl,3,12,427,1212.092,5016,0,1% 2% 2% 100%,1212.128,1270.274
fannkuchredux,gpp,2,12,1440,43.169,1884,0,98% 95% 100% 100%,11.012,43.270
fannkuchredux,ghc,3,12,1159,0.000,0,-11,%,0.000,0.000
fannkuchredux,fsharpcore,6,12,1097,34.467,34216,0,98% 99% 99% 94%,8.914,34.775
fannkuchredux,python3,6,12,385,1246.075,7704,0,0% 0% 0% 100%,1246.111,1258.129
fannkuchredux,go,2,12,896,45.949,14780,0,100% 100% 100% 100%,11.503,45.982
fannkuchredux,java,3,12,1257,40.013,35000,0,97% 1% 4% 1%,39.927,41.460
fannkuchredux,node,5,12,1313,45.695,56856,0,99% 99% 99% 99%,11.542,45.726
fannkuchredux,racket,2,12,908,168.994,35196,0,0% 0% 100% 0%,168.759,170.351
fannkuchredux,racketcs,3,12,1101,123.236,71000,0,100% 97% 95% 94%,31.951,123.314
fannkuchredux,csharpcore,6,12,1068,38.011,29808,0,99% 99% 100% 99%,9.584,38.056
fannkuchredux,rust,2,12,1191,39.316,820,0,99% 94% 100% 98%,10.089,39.407
fannkuchredux,ifc,3,12,1158,40.089,10972,0,100% 100% 100% 100%,10.045,40.100
fannkuchredux,perl,2,12,570,1575.590,12132,0,100% 99% 100% 100%,395.608,1576.972
fannkuchredux,chapel,2,12,731,37.193,4408,0,100% 100% 100% 100%,9.385,37.469
fannkuchredux,mri,2,12,1444,13856.192,16720,0,95% 94% 100% 97%,3599.046,13876.927
fannkuchredux,gcc,4,12,1183,13.923,592,0,1% 0% 100% 1%,13.925,14.345
fannkuchredux,clang,5,12,910,29.066,588,0,0% 1% 0% 100%,29.068,29.318
fannkuchredux,fsharpcore,5,12,912,42.059,33616,0,97% 97% 95% 99%,10.839,42.085
fannkuchredux,ocaml,4,12,1004,0.004,19400,0,100% 100% 100% 100%,8.511,33.974
fannkuchredux,openj9,2,12,514,50.779,53636,0,15% 86% 1% 1%,50.586,51.968
fannkuchredux,php,3,12,1160,514.426,22468,0,99% 99% 100% 99%,129.483,514.901
fannkuchredux,perl,1,12,457,1767.370,5000,0,100% 1% 1% 2%,1767.428,1831.240
fannkuchredux,julia,3,12,886,31.979,191832,0,96% 97% 94% 95%,8.381,32.004
fannkuchredux,gpp,4,12,1439,41.767,1900,0,95% 100% 98% 100%,10.644,41.877
fannkuchredux,lua,1,12,462,712.865,1144,0,0% 100% 0% 0%,712.888,717.181
fannkuchredux,racketcs,2,12,908,121.615,71228,0,100% 1% 0% 0%,121.630,123.091
fannkuchredux,racket,1,12,649,200.091,35144,0,0% 0% 0% 100%,199.820,201.521
fannkuchredux,ocamlflambda,1,12,524,47.802,3164,0,0% 0% 100% 0%,47.805,48.035
fannkuchredux,fpascal,1,12,1050,42.089,1864,0,100% 100% 100% 100%,10.622,42.408
fannkuchredux,icc,2,12,1557,39.160,1108,0,93% 97% 97% 100%,10.133,39.192
fannkuchredux,csharpaot,6,12,1068,38.017,30428,0,99% 99% 99% 99%,9.595,38.061
fannkuchredux,clang,3,12,567,32.202,596,0,1% 3% 1% 100%,32.204,33.928
fannkuchredux,java,1,12,1282,41.711,34960,0,99% 99% 99% 98%,10.614,42.055
fannkuchredux,vw,1,12,916,450.696,54408,0,1% 1% 1% 100%,450.716,459.484
fannkuchredux,gcc,5,12,910,28.968,692,0,93% 100% 100% 98%,7.447,29.110
fannkuchredux,clang,1,12,508,34.487,588,0,0% 100% 0% 0%,34.489,34.719
fannkuchredux,mri,1,12,384,10385.436,4624,0,100% 0% 0% 0%,10385.792,10449.028
fannkuchredux,icc,1,12,508,40.517,952,0,0% 100% 0% 0%,40.519,40.910
fannkuchredux,ocaml,1,12,524,46.660,2764,0,1% 100% 1% 1%,46.662,47.844
fannkuchredux,swift,1,12,451,39.765,6840,0,1% 1% 1% 100%,39.767,40.818
fannkuchredux,gfortran,1,12,599,43.878,1124,0,0% 0% 100% 1%,43.880,44.280
fannkuchredux,python3,4,12,950,1446.150,47608,0,100% 99% 100% 97%,366.431,1448.157
fannkuchredux,gpp,7,12,1150,14.149,596,0,1% 0% 1% 100%,14.154,14.544
fannkuchredux,racketcs,1,12,649,147.817,71544,0,1% 0% 100% 0%,147.825,149.546
fannkuchredux,pharo,1,12,865,468.537,83020,0,0% 0% 100% 0%,466.577,470.645
fannkuchredux,gcc,2,12,1557,42.526,764,0,97% 100% 98% 99%,10.874,42.858
fannkuchredux,rust,5,12,1016,29.534,1012,0,95% 98% 100% 100%,7.543,29.623
fannkuchredux,julia,2,12,1067,29.964,197768,0,94% 95% 94% 95%,7.936,29.994
fannkuchredux,rust,4,12,1020,30.286,1016,0,94% 98% 100% 100%,7.735,30.369
fannkuchredux,sbcl,3,12,826,36.549,32092,0,1% 1% 1% 100%,36.550,37.703
fannkuchredux,clang,4,12,1183,13.556,588,0,1% 100% 0% 0%,13.558,13.788
fannkuchredux,ghc,2,12,808,153.180,9872,0,74% 72% 72% 73%,51.853,151.039
fannkuchredux,csharpcore,9,12,1225,32.722,30568,0,99% 99% 99% 99%,8.264,32.768
fannkuchredux,racket,3,12,1101,203.492,35380,0,99% 100% 100% 96%,51.495,203.689
fannkuchredux,gpp,5,12,980,30.836,1700,0,100% 99% 98% 93%,7.918,30.882
fannkuchredux,ifc,1,12,599,39.115,1904,0,0% 100% 0% 0%,39.117,39.227
fannkuchredux,clang,2,12,1557,36.512,760,0,90% 98% 100% 99%,9.454,36.566
fannkuchredux,typescript,5,12,1427,55.524,56768,0,99% 99% 99% 99%,14.028,55.559
fannkuchredux,gnat,3,12,2113,34.320,4360,0,99% 99% 100% 99%,8.633,34.342
fannkuchredux,openj9,3,12,1257,38.859,52420,0,1% 0% 100% 0%,38.510,39.101
fannkuchredux,java,2,12,514,42.936,35544,0,100% 1% 1% 1%,42.863,44.455
fannkuchredux,ghc,4,12,665,184.436,3476,0,100% 99% 99% 99%,46.384,184.564
fannkuchredux,gcc,3,12,567,39.878,596,0,100% 1% 2% 2%,39.881,41.443
fannkuchredux,hipe,1,12,1038,234.423,24880,0,99% 95% 99% 99%,59.885,234.879
fannkuchredux,go,3,12,969,33.984,2732,0,100% 100% 100% 100%,8.510,34.001
fannkuchredux,gfortran,3,12,1158,41.265,10220,0,100% 99% 99% 99%,10.456,41.614
fannkuchredux,dartsnapshot,2,12,495,61.761,34576,0,1% 1% 100% 0%,61.708,63.461
fannkuchredux,gcc,1,12,508,42.009,592,0,0% 0% 100% 0%,42.011,42.191
fannkuchredux,sbcl,5,12,681,30.629,41816,0,0% 0% 100% 0%,30.631,30.741
fannkuchredux,csharpaot,9,12,1225,32.729,30880,0,99% 99% 99% 99%,8.268,32.783
fannkuchredux,yarv,1,12,384,1228.223,21904,0,0% 100% 0% 0%,1228.103,1242.831
fannkuchredux,php,2,12,441,464.905,7864,0,1% 1% 1% 100%,464.919,480.608
fannkuchredux,openj9,1,12,1282,43.843,53024,0,99% 97% 97% 100%,11.171,43.853
fannkuchredux,ocamlflambda,3,12,1017,0.005,22664,0,100% 100% 100% 100%,12.332,49.288
fannkuchredux,julia,1,12,434,33.921,167688,0,1% 0% 100% 0%,33.667,34.167
fannkuchredux,gpp,3,12,593,40.540,596,0,100% 1% 1% 2%,40.542,41.835
fannkuchredux,php,1,12,482,768.938,7868,0,1% 1% 1% 100%,769.236,794.373
fasta,sbcl,1,25000000,1424,9.449,20992,0,0% 0% 100% 0%,9.450,9.470
fasta,csharppreview,1,25000000,2098,5.158,45520,0,94% 91% 92% 92%,1.400,5.173
fasta,openj9,2,25000000,1257,5.147,66808,0,1% 98% 5% 1%,4.881,5.133
fasta,gcc,2,25000000,2268,3.251,2888,0,100% 99% 100% 100%,0.819,3.266
fasta,icc,1,25000000,1206,3.992,948,0,0% 0% 0% 100%,3.993,4.003
fasta,fsharpcore,3,25000000,1350,4.198,77452,0,96% 96% 90% 94%,1.129,4.236
fasta,yarv,4,25000000,913,94.650,199676,0,61% 1% 1% 39%,93.550,95.287
fasta,gpp,1,25000000,1057,2.062,1608,0,100% 2% 1% 0%,2.063,2.133
fasta,mri,2,25000000,743,392.564,248404,0,0% 0% 0% 100%,392.580,395.332
fasta,ocamlflambda,3,25000000,1071,6.250,3248,0,0% 1% 1% 100%,6.251,6.442
fasta,yarv,3,25000000,1002,55.802,71540,0,1% 2% 2% 99%,54.206,56.248
fasta,chapel,5,25000000,1391,3.375,5300,0,100% 87% 86% 86%,0.940,3.383
fasta,rust,6,25000000,955,4.117,118360,0,0% 0% 100% 0%,4.118,4.149
fasta,gfortran,3,25000000,1215,0.000,0,-11,%,0.000,0.000
fasta,yarv,6,25000000,1069,32.549,71464,0,2% 2% 100% 3%,30.869,32.721
fasta,go,3,25000000,1358,4.102,3740,0,85% 85% 77% 42%,1.418,4.082
fasta,openj9,4,25000000,1524,3.628,56544,0,2% 2% 97% 5%,3.418,3.638
fasta,java,4,25000000,1524,3.334,38392,0,1% 2% 99% 1%,3.245,3.345
fasta,mri,5,25000000,995,329.691,4216,0,100% 0% 0% 0%,329.747,332.959
fasta,gcc,7,25000000,2011,3.267,2876,0,96% 98% 98% 100%,0.838,3.282
fasta,julia,3,25000000,896,14.662,185648,0,1% 100% 1% 1%,14.407,14.728
fasta,node,1,25000000,809,34.922,41504,0,1% 0% 100% 1%,34.078,34.519
fasta,ifc,3,25000000,1215,5.884,8,0,3% 100% 1% 0%,5.886,6.116
fasta,fpascal,5,25000000,1220,5.636,8,0,1% 100% 0% 2%,5.637,5.757
fasta,yarv,5,25000000,995,96.423,22684,0,100% 1% 0% 1%,95.313,97.145
fasta,clang,2,25000000,2268,3.554,3904,0,100% 99% 100% 100%,0.895,3.571
fasta,fpascal,6,25000000,1190,5.582,8,0,0% 1% 1% 100%,5.585,5.755
fasta,gfortran,1,25000000,1190,4.572,1084,0,0% 0% 0% 100%,4.574,4.624
fasta,ocaml,6,25000000,1189,3.263,188324,0,0% 0% 100% 0%,3.264,3.284
fasta,racket,1,25000000,1066,25.765,36480,0,1% 0% 100% 0%,25.738,26.039
fasta,dartexe,1,25000000,1403,5.456,42140,0,0% 1% 100% 0%,5.453,5.503
fasta,mri,4,25000000,913,298.088,225848,0,100% 0% 0% 0%,298.189,301.043
fasta,python3,5,25000000,1947,75.444,845888,0,23% 63% 66% 47%,38.074,75.852
fasta,ghc,1,25000000,969,6.388,5120,0,4% 4% 3% 100%,5.503,6.097
fasta,sbcl,2,25000000,1622,9.781,18332,0,0% 0% 100% 0%,9.782,9.812
fasta,clang,7,25000000,2011,3.427,3904,0,98% 100% 97% 97%,0.879,3.435
fasta,java,5,25000000,2473,3.951,45584,0,82% 83% 73% 70%,1.271,3.914
fasta,mri,6,25000000,1071,253.395,101720,0,1% 100% 0% 0%,253.469,256.953
fasta,pharo,1,25000000,1374,94.103,80652,0,0% 1% 100% 0%,93.695,94.647
fasta,icc,7,25000000,2011,4.246,5072,0,97% 97% 100% 97%,1.084,4.248
fasta,icc,6,25000000,1930,3.454,4868,0,13% 98% 100% 98%,1.170,3.621
fasta,julia,5,25000000,950,2.848,208940,0,4% 99% 3% 4%,2.590,2.851
fasta,julia,4,25000000,1049,3.035,193444,0,4% 4% 4% 99%,2.779,3.069
fasta,lua,3,25000000,1061,28.300,2784,0,1% 0% 100% 0%,28.303,28.493
fasta,python3,2,25000000,1121,65.118,8312,0,6% 0% 46% 48%,65.158,65.848
fasta,csharpaot,5,25000000,1691,4.195,107488,0,89% 91% 93% 90%,1.165,4.228
fasta,gpp,6,25000000,2324,4.028,4528,0,96% 96% 97% 97%,1.046,4.046
fasta,sbcl,6,25000000,1757,4.294,15268,0,0% 14% 0% 100%,4.297,4.899
fasta,gpp,7,25000000,2711,3.138,2020,0,92% 92% 92% 93%,0.850,3.133
fasta,pharo,2,25000000,1379,44.497,80420,0,1% 1% 100% 0%,44.306,45.137
fasta,rust,3,25000000,1233,2.097,692,0,0% 100% 0% 0%,2.098,2.108
fasta,ghc,4,25000000,2013,2.998,42516,0,86% 85% 86% 86%,0.876,3.011
fasta,gnat,1,25000000,1379,6.056,1784,0,0% 0% 100% 0%,6.058,6.088
fasta,clang,5,25000000,1281,1.280,596,0,0% 2% 1% 100%,1.282,1.312
fasta,ghc,3,25000000,1088,13.851,620216,0,34% 100% 31% 30%,7.066,13.757
fasta,gfortran,4,25000000,1351,1.660,1076,0,0% 0% 99% 1%,1.661,1.661
fasta,ocamlflambda,6,25000000,1189,3.955,193384,0,1% 100% 0% 1%,3.956,4.007
fasta,julia,6,25000000,1203,5.202,395732,0,73% 59% 69% 73%,1.896,5.193
fasta,racketcs,3,25000000,1280,7.978,71788,0,100% 0% 0% 0%,7.983,8.023
fasta,hipe,1,25000000,1039,76.819,24760,0,6% 100% 8% 12%,56.638,71.257
fasta,ghc,6,25000000,1882,2.798,8008,0,83% 80% 81% 81%,0.864,2.801
fasta,go,2,25000000,1404,3.623,11452,0,73% 70% 84% 74%,1.204,3.621
fasta,perl,2,25000000,922,183.558,6144,0,0% 0% 0% 100%,183.934,186.185
fasta,rust,4,25000000,939,4.119,118888,0,100% 3% 6% 7%,4.120,4.741
fasta,python3,1,25000000,817,79.547,8212,0,100% 0% 0% 0%,79.551,79.901
fasta,vw,1,25000000,1539,29.326,54464,0,0% 0% 100% 0%,29.337,29.407
fasta,mri,3,25000000,1020,263.815,101684,0,0% 100% 0% 0%,263.921,266.785
fasta,rust,5,25000000,1961,3.110,2180,0,81% 81% 81% 89%,0.940,3.120
fasta,swift,1,25000000,1526,6.805,7120,0,1% 1% 100% 0%,6.806,6.976
fasta,perl,4,25000000,966,124.573,6144,0,0% 1% 0% 100%,124.706,127.178
fasta,swift,3,25000000,2090,4.650,26372,0,76% 96% 80% 78%,1.412,4.657
fasta,dart,1,25000000,1403,5.582,157044,0,97% 2% 3% 2%,5.461,5.652
fasta,gcc,4,25000000,1240,3.063,592,0,2% 0% 100% 0%,3.064,3.123
fasta,gnat,2,25000000,2153,2.567,1788,0,0% 0% 100% 1%,2.569,2.589
fasta,icc,4,25000000,1240,3.177,952,0,1% 100% 0% 0%,3.179,3.229
fasta,racketcs,1,25000000,1066,18.738,71640,0,0% 0% 0% 100%,18.740,18.830
fasta,gcc,5,25000000,1281,1.914,660,0,0% 1% 0% 100%,1.916,1.926
fasta,gpp,2,25000000,1127,2.070,1608,0,100% 1% 0% 0%,2.071,2.101
fasta,ocaml,3,25000000,1071,4.577,2660,0,0% 0% 100% 0%,4.578,4.598
fasta,openj9,5,25000000,2473,4.284,55008,0,95% 54% 57% 55%,1.621,4.238
fasta,typescript,1,25000000,809,0.000,0,-2,19% 15% 0% 36%,1.389,0.968
fasta,racket,3,25000000,1280,9.567,37892,0,5% 2% 0% 100%,9.557,10.247
fasta,java,2,25000000,1257,4.397,39540,0,24% 77% 1% 1%,4.299,4.417
fasta,php,2,25000000,1050,54.417,7960,0,1% 0% 100% 0%,54.420,54.890
fasta,julia,7,25000000,1182,4.898,349332,0,61% 75% 78% 75%,1.700,4.906
fasta,gnat,5,25000000,2221,2.596,1724,0,100% 0% 0% 0%,2.598,2.618
fasta,node,5,25000000,2047,6.181,67116,0,77% 81% 78% 86%,1.906,6.129
fasta,gpp,4,25000000,1287,3.303,596,0,0% 0% 0% 100%,3.305,3.325
fasta,yarv,2,25000000,743,116.368,144928,0,1% 41% 60% 0%,115.389,117.989
fasta,clang,4,25000000,1240,2.976,532,0,0% 0% 0% 100%,2.978,2.988
fasta,rust,2,25000000,1906,3.100,2180,0,88% 81% 80% 81%,0.940,3.104
fasta,chapel,3,25000000,1229,4.262,5184,0,100% 0% 0% 0%,4.265,4.275
fasta,csharppreview,5,25000000,1691,4.421,97788,0,94% 97% 93% 94%,1.179,4.467
fasta,gpp,5,25000000,2344,3.894,4548,0,93% 94% 94% 93%,1.041,3.902
fasta,clang,6,25000000,1930,2.921,3636,0,98% 99% 1% 98%,0.992,2.937
fasta,fsharpcore,4,25000000,1342,5.556,56056,0,91% 86% 85% 94%,1.551,5.535
fasta,swift,2,25000000,1945,2.961,8596,0,1% 65% 12% 60%,2.048,2.842
fasta,go,1,25000000,1053,3.573,1856,0,0% 100% 0% 0%,3.569,3.579
fasta,ifc,1,25000000,1190,6.392,8,0,0% 100% 1% 0%,6.393,6.443
fasta,sbcl,3,25000000,1587,5.901,18300,0,0% 100% 0% 0%,5.902,5.912
fasta,gcc,1,25000000,1206,3.637,596,0,0% 100% 0% 0%,3.638,3.658
fasta,python3,3,25000000,1003,65.503,8236,0,0% 100% 0% 0%,65.506,65.816
fasta,gcc,6,25000000,1930,2.778,2360,0,96% 97% 2% 100%,0.948,2.795
fasta,ghc,2,25000000,1319,19.936,431964,0,82% 85% 81% 91%,5.822,19.771
fasta,csharpaot,1,25000000,2098,5.377,50116,0,94% 91% 95% 92%,1.452,5.390
fasta,rust,1,25000000,1237,4.486,680,0,0% 100% 1% 0%,4.487,4.557
fasta,php,3,25000000,1062,32.853,8004,0,0% 100% 0% 0%,32.863,33.023
fasta,csharpcore,1,25000000,2098,5.356,49688,0,92% 92% 95% 95%,1.445,5.408
fasta,gpp,3,25000000,1307,2.620,1612,0,0% 0% 0% 100%,2.621,2.621
fasta,clang,1,25000000,1206,3.709,596,0,0% 100% 0% 0%,3.710,3.710
fasta,perl,1,25000000,871,61.337,55252,0,0% 0% 100% 0%,61.340,61.710
fasta,csharpcore,5,25000000,1691,4.343,111092,0,96% 92% 91% 89%,1.190,4.381
fasta,ifc,4,25000000,1351,2.053,8,0,0% 0% 0% 100%,2.055,2.064
fasta,ghc,5,25000000,2000,2.864,8212,0,80% 79% 80% 78%,0.903,2.861
fasta,dartsnapshot,1,25000000,1403,5.335,44208,0,2% 99% 1% 1%,5.254,5.434
fasta,icc,2,25000000,2268,4.227,5060,0,100% 99% 100% 99%,1.064,4.236
fasta,lua,2,25000000,1061,28.343,2748,0,100% 0% 0% 0%,28.345,28.506
fasta,hipe,2,25000000,1164,0.000,0,-2,29% 22% 7% 23%,0.836,0.683
fasta,icc,5,25000000,1281,1.877,952,0,0% 100% 2% 0%,1.878,1.918
knucleotide,node,3,25000000,1812,42.512,392344,0,45% 93% 61% 78%,15.406,42.693
knucleotide,sbcl,5,25000000,2320,16.454,153836,0,0% 100% 0% 0%,16.464,16.534
knucleotide,node,1,25000000,1008,81.524,1848844,0,64% 65% 77% 93%,38.880,116.332
knucleotide,pharo,2,25000000,1100,656.362,344692,0,0% 100% 0% 0%,653.614,660.410
knucleotide,typescript,3,25000000,1812,0.000,0,-2,3% 15% 4% 55%,1.148,0.884
knucleotide,openj9,4,25000000,1882,41.385,207184,0,60% 1% 40% 2%,40.338,41.611
knucleotide,openj9,3,25000000,1635,43.869,400456,0,85% 91% 88% 85%,12.602,43.924
knucleotide,ghc,1,25000000,1059,74.141,522844,0,94% 90% 95% 91%,20.109,74.174
knucleotide,ifc,1,25000000,25,0.000,0,-11,%,0.000,0.000
knucleotide,sbcl,1,25000000,2424,42.260,546776,0,97% 75% 76% 77%,13.032,42.337
knucleotide,rust,8,25000000,1543,9.947,133412,0,64% 92% 85% 73%,3.179,9.988
knucleotide,java,3,25000000,1635,25.752,487424,0,91% 82% 92% 84%,7.409,25.784
knucleotide,dart,3,25000000,1502,63.984,515616,0,95% 87% 47% 38%,24.007,64.083
knucleotide,racket,1,25000000,547,138.519,1345132,0,1% 0% 0% 100%,138.354,139.956
knucleotide,gnat,2,25000000,4908,13.958,258432,0,86% 17% 90% 32%,6.209,13.981
knucleotide,ocamlflambda,2,25000000,1212,0.000,0,-11,%,0.000,0.000
knucleotide,csharpcore,6,25000000,1603,20.159,183664,0,55% 73% 54% 97%,7.269,20.311
knucleotide,gpp,1,25000000,1446,14.643,756268,0,93% 90% 9% 18%,7.011,14.687
knucleotide,sbcl,3,25000000,1290,61.796,540976,0,100% 0% 0% 0%,61.801,62.162
knucleotide,java,1,25000000,1812,14.461,485000,0,77% 74% 83% 82%,4.573,14.501
knucleotide,ghc,2,25000000,1486,88.340,756900,0,98% 97% 98% 97%,22.673,88.502
knucleotide,perl,3,25000000,513,168.568,1147316,0,70% 64% 91% 95%,52.640,169.076
knucleotide,julia,7,25000000,1365,17.428,359976,0,44% 63% 78% 65%,6.958,17.458
knucleotide,hipe,1,25000000,936,246.601,7447348,0,67% 61% 91% 60%,88.738,247.551
knucleotide,sbcl,2,25000000,1284,61.828,540984,0,0% 0% 100% 0%,61.831,62.172
knucleotide,gcc,1,25000000,1506,11.148,130252,0,90% 92% 88% 56%,3.429,11.173
knucleotide,vw,1,25000000,1110,569.754,384952,0,0% 55% 0% 46%,569.896,573.552
knucleotide,gpp,2,25000000,1631,5.903,156108,0,96% 67% 68% 68%,1.977,5.922
knucleotide,yarv,1,25000000,644,266.715,145060,0,79% 79% 96% 98%,76.076,267.115
knucleotide,yarv,2,25000000,420,227.229,185976,0,0% 0% 0% 100%,227.083,228.855
knucleotide,dartsnapshot,3,25000000,1502,32.879,330936,0,75% 62% 77% 61%,12.055,32.983
knucleotide,dartexe,3,25000000,1502,52.912,306916,0,64% 75% 65% 77%,18.907,53.167
knucleotide,java,6,25000000,1607,25.652,487408,0,89% 91% 83% 84%,7.405,25.676
knucleotide,dartexe,1,25000000,610,550.030,345736,0,0% 100% 0% 0%,549.585,553.307
knucleotide,rust,4,25000000,1749,19.190,136152,0,96% 39% 94% 53%,6.817,19.225
knucleotide,openj9,5,25000000,2219,53.869,241996,0,90% 77% 37% 48%,21.433,53.982
knucleotide,chapel,3,25000000,989,35.631,177496,0,100% 89% 92% 91%,9.628,35.751
knucleotide,sbcl,6,25000000,2479,40.221,512400,0,91% 89% 98% 88%,11.001,40.274
knucleotide,mri,2,25000000,420,453.095,168008,0,100% 0% 0% 0%,453.470,455.962
knucleotide,ocamlflambda,1,25000000,875,0.000,0,-11,%,0.000,0.000
knucleotide,mri,7,25000000,870,2045.588,419052,0,97% 100% 71% 66%,613.272,2050.147
knucleotide,mri,1,25000000,644,588.674,126924,0,95% 69% 67% 98%,179.619,589.758
knucleotide,csharppreview,1,25000000,2044,11.344,178204,0,85% 95% 98% 72%,3.307,11.547
knucleotide,pharo,5,25000000,1393,0.000,0,-2,2% 3% 4% 63%,3.237,2.329
knucleotide,swift,2,25000000,1367,54.069,185448,0,98% 95% 96% 96%,14.099,54.116
knucleotide,fsharpcore,6,25000000,1907,12.442,182004,0,94% 78% 78% 66%,3.947,12.456
knucleotide,python3,8,25000000,655,257.895,501516,0,59% 86% 58% 97%,86.590,259.657
knucleotide,rust,3,25000000,1661,12.679,133892,0,64% 90% 90% 42%,4.450,12.719
knucleotide,swift,1,25000000,1231,0.000,0,-11,%,0.000,0.000
knucleotide,lua,2,25000000,613,118.068,591920,0,0% 0% 100% 0%,118.074,118.645
knucleotide,perl,2,25000000,359,112.417,659912,0,100% 0% 0% 0%,112.426,113.046
knucleotide,csharpaot,1,25000000,2044,11.019,182948,0,86% 85% 94% 70%,3.303,11.077
knucleotide,mri,3,25000000,540,682.935,168844,0,0% 0% 0% 100%,683.543,686.726
knucleotide,python3,3,25000000,1967,184.227,134372,0,94% 100% 94% 95%,48.513,185.662
knucleotide,go,4,25000000,1543,31.944,145228,0,68% 91% 98% 92%,9.169,31.979
knucleotide,hipe,3,25000000,937,237.681,830416,0,68% 75% 61% 78%,84.672,238.479
knucleotide,racket,4,25000000,885,52.795,419632,0,0% 0% 100% 0%,52.739,53.080
knucleotide,rust,9,25000000,1841,17.869,134928,0,37% 94% 97% 52%,6.414,17.984
knucleotide,rust,7,25000000,1578,8.364,131408,0,66% 86% 92% 75%,2.640,8.414
knucleotide,csharpcore,1,25000000,2044,11.106,182572,0,71% 94% 89% 85%,3.289,11.144
knucleotide,go,6,25000000,1590,31.398,150768,0,100% 90% 94% 97%,8.263,31.441
knucleotide,gpp,3,25000000,1276,14.309,165844,0,80% 97% 78% 79%,4.298,14.348
knucleotide,dart,1,25000000,610,566.239,455392,0,0% 0% 100% 0%,565.613,569.096
knucleotide,sbcl,4,25000000,2291,16.491,153764,0,0% 0% 0% 100%,16.504,16.524
knucleotide,csharpaot,6,25000000,1603,20.243,183060,0,55% 54% 97% 74%,7.293,20.457
knucleotide,gfortran,1,25000000,25,0.000,0,-11,%,0.000,0.000
knucleotide,racketcs,1,25000000,547,174.185,1857120,0,0% 0% 99% 0%,176.231,175.802
knucleotide,ocaml,2,25000000,1212,0.000,0,-11,%,0.000,0.000
knucleotide,pharo,1,25000000,1186,713.663,344988,0,0% 100% 0% 0%,710.647,717.652
knucleotide,yarv,7,25000000,859,239.423,399736,0,96% 80% 82% 91%,68.785,239.999
knucleotide,openj9,6,25000000,1607,44.711,380312,0,91% 88% 89% 89%,12.590,44.906
knucleotide,csharppreview,6,25000000,1603,16.686,182640,0,50% 50% 97% 78%,6.137,16.816
knucleotide,rust,6,25000000,1671,19.228,136280,0,44% 91% 94% 49%,6.950,19.313
knucleotide,python3,1,25000000,607,256.786,256404,0,79% 65% 96% 96%,76.497,257.515
knucleotide,vw,5,25000000,1317,417.929,380496,0,0% 0% 0% 100%,418.133,420.525
knucleotide,go,3,25000000,1722,30.468,150544,0,97% 96% 95% 92%,8.029,30.526
knucleotide,rust,2,25000000,1347,16.772,135940,0,45% 44% 73% 100%,6.427,16.867
knucleotide,java,4,25000000,1882,36.336,200244,0,92% 1% 9% 1%,35.827,36.550
knucleotide,rust,5,25000000,1739,12.435,133820,0,95% 63% 45% 95%,4.197,12.460
knucleotide,rust,1,25000000,1078,64.653,150008,0,95% 50% 49% 81%,23.539,64.947
knucleotide,node,2,25000000,935,78.043,1869520,0,79% 72% 80% 80%,36.488,113.543
knucleotide,racketcs,4,25000000,885,63.284,927408,0,0% 0% 100% 0%,63.290,63.600
knucleotide,ocaml,3,25000000,1833,40.070,255464,0,40% 36% 96% 95%,15.080,40.164
knucleotide,icc,1,25000000,1506,9.024,130080,0,35% 92% 30% 37%,4.739,9.158
knucleotide,java,5,25000000,2219,35.993,229272,0,32% 85% 31% 82%,15.814,36.341
knucleotide,ocaml,1,25000000,875,0.000,0,-11,%,0.000,0.000
knucleotide,julia,1,25000000,695,195.649,1938528,0,0% 99% 0% 0%,196.879,196.790
knucleotide,fsharpcore,2,25000000,1926,22.307,193492,0,94% 96% 91% 90%,6.033,22.352
knucleotide,dartsnapshot,1,25000000,610,565.367,368712,0,0% 0% 100% 0%,564.801,568.674
knucleotide,yarv,3,25000000,540,252.230,194820,0,28% 28% 23% 22%,251.964,254.129
knucleotide,julia,8,25000000,945,10.747,360120,0,78% 56% 38% 53%,4.764,10.768
knucleotide,php,4,25000000,1079,88.453,215640,0,93% 81% 96% 89%,24.678,88.672
knucleotide,ocamlflambda,3,25000000,1833,34.687,256776,0,34% 100% 91% 30%,13.586,34.749
knucleotide,openj9,1,25000000,1812,0.000,0,-2,39% 25% 8% 7%,1.271,1.009
knucleotide,perl,1,25000000,652,130.955,1253064,0,84% 95% 87% 85%,37.862,132.613
knucleotide,clang,1,25000000,1506,12.787,128848,0,30% 42% 42% 92%,6.190,12.794
knucleotide,go,7,25000000,1607,31.793,160020,0,97% 97% 96% 98%,8.211,31.832
knucleotide,perl,4,25000000,476,128.180,1069180,0,61% 96% 66% 94%,40.769,129.149
mandelbrot,sbcl,4,16000,2447,16.137,45372,0,100% 99% 100% 99%,4.058,16.152
mandelbrot,node,3,16000,1122,15.912,87468,0,99% 98% 98% 98%,4.044,15.906
mandelbrot,gpp,9,16000,726,13.507,34408,0,96% 100% 95% 95%,3.503,13.522
mandelbrot,mri,6,16000,918,513.073,33612,0,96% 96% 96% 96%,133.758,513.862
mandelbrot,gpp,4,16000,3542,3.452,34540,0,98% 98% 97% 99%,0.888,3.474
mandelbrot,gpp,7,16000,1017,13.796,34680,0,99% 100% 100% 100%,3.466,13.812
mandelbrot,mri,2,16000,931,9658.469,63752,0,100% 100% 100% 100%,2420.516,9677.213
mandelbrot,vw,2,16000,929,39.925,177904,0,79% 87% 80% 96%,102.771,351.430
mandelbrot,clang,6,16000,1135,0.000,0,-11,%,0.000,0.000
mandelbrot,csharpcore,5,16000,839,15.319,55808,0,98% 98% 98% 98%,3.915,15.341
mandelbrot,julia,7,16000,619,6.642,229236,0,98% 88% 89% 89%,1.826,6.646
mandelbrot,python3,5,16000,458,1462.130,48500,0,100% 100% 100% 100%,366.092,1463.487
mandelbrot,pharo,2,16000,562,369.459,80988,0,1% 0% 100% 0%,367.903,372.050
mandelbrot,gcc,8,16000,782,12.072,29148,0,100% 96% 94% 94%,3.151,12.097
mandelbrot,fpascal,2,16000,846,33.459,32980,0,95% 37% 95% 43%,12.434,33.498
mandelbrot,racket,4,16000,801,52.298,122236,0,95% 95% 96% 95%,13.690,52.310
mandelbrot,lua,2,16000,367,291.423,1152,0,0% 0% 0% 100%,291.543,293.644
mandelbrot,openj9,4,16000,660,17.344,82252,0,81% 97% 95% 94%,4.721,17.361
mandelbrot,gfortran,6,16000,661,6.254,34180,0,48% 48% 48% 100%,2.575,6.263
mandelbrot,python3,2,16000,783,1052.172,464168,0,87% 87% 100% 87%,291.947,1053.899
mandelbrot,icc,4,16000,799,0.000,0,-11,%,0.000,0.000
mandelbrot,hipe,1,16000,534,466.173,1644508,0,98% 98% 99% 99%,118.506,466.570
mandelbrot,gcc,9,16000,694,15.537,31784,0,96% 100% 96% 96%,4.015,15.551
mandelbrot,ifc,6,16000,661,10.616,62476,0,78% 78% 78% 100%,3.182,10.634
mandelbrot,ifc,4,16000,618,26.348,62332,0,91% 33% 92% 43%,10.233,26.391
mandelbrot,icc,8,16000,782,11.977,29412,0,100% 100% 100% 100%,3.000,12.000
mandelbrot,fpascal,8,16000,974,19.300,28228,0,100% 100% 100% 100%,4.843,19.333
mandelbrot,go,3,16000,894,14.874,29032,0,100% 99% 100% 99%,3.735,14.889
mandelbrot,yarv,3,16000,307,1511.390,21856,0,1% 100% 0% 0%,1511.217,1532.235
mandelbrot,java,6,16000,802,16.827,70704,0,98% 99% 98% 98%,4.284,16.855
mandelbrot,pharo,1,16000,570,361.763,81424,0,1% 1% 0% 100%,360.390,365.998
mandelbrot,yarv,2,16000,931,941.204,59064,0,100% 100% 100% 100%,235.782,942.079
mandelbrot,julia,5,16000,571,7.026,267624,0,89% 98% 90% 89%,1.927,7.059
mandelbrot,ocamlflambda,1,16000,717,59.441,5400,0,100% 100% 100% 100%,14.906,59.474
mandelbrot,csharppreview,1,16000,1974,12.263,57456,0,98% 97% 97% 97%,3.142,12.269
mandelbrot,gfortran,8,16000,957,4.467,34588,0,97% 97% 100% 97%,1.142,4.479
mandelbrot,ghc,3,16000,1975,5.792,31136,0,99% 99% 99% 100%,1.465,5.829
mandelbrot,yarv,7,16000,973,0.000,0,-2,85% 86% 84% 86%,38.598,131.497
mandelbrot,fsharpcore,1,16000,877,16.004,63596,0,97% 98% 98% 99%,4.091,16.023
mandelbrot,csharppreview,5,16000,839,16.196,52580,0,98% 99% 98% 98%,4.128,16.212
mandelbrot,racketcs,3,16000,802,41.295,71372,0,1% 0% 100% 0%,41.298,41.588
mandelbrot,lua,3,16000,358,249.337,2520,0,0% 1% 100% 0%,249.348,251.570
mandelbrot,hipe,2,16000,613,403.326,789156,0,100% 100% 100% 100%,101.346,403.756
mandelbrot,java,1,16000,665,27.764,36320,0,0% 0% 0% 100%,27.708,27.849
mandelbrot,python3,7,16000,688,679.523,47568,0,100% 100% 100% 100%,170.246,680.122
mandelbrot,csharpaot,5,16000,839,15.312,55860,0,98% 97% 98% 99%,3.908,15.333
mandelbrot,swift,3,16000,1138,6.995,39044,0,99% 100% 99% 99%,1.765,7.000
mandelbrot,icc,3,16000,763,0.000,0,-11,%,0.000,0.000
mandelbrot,clang,8,16000,782,11.623,26920,0,100% 100% 100% 100%,2.911,11.643
mandelbrot,gpp,8,16000,742,13.542,34472,0,38% 38% 100% 100%,4.944,13.581
mandelbrot,go,4,16000,905,14.871,28764,0,100% 99% 99% 100%,3.732,14.877
mandelbrot,icc,7,16000,994,0.000,0,-11,%,0.000,0.000
mandelbrot,ifc,8,16000,957,5.585,36124,0,99% 99% 99% 100%,1.412,5.617
mandelbrot,fpascal,1,16000,846,33.460,33012,0,38% 95% 43% 95%,12.435,33.523
mandelbrot,gnat,3,16000,1819,15.545,32424,0,99% 99% 99% 99%,3.918,15.563
mandelbrot,csharpaot,1,16000,1974,12.397,63424,0,97% 99% 97% 98%,3.183,12.434
mandelbrot,gcc,6,16000,1135,5.004,24836,0,99% 100% 100% 99%,1.255,4.999
mandelbrot,sbcl,1,16000,2473,16.568,46468,0,100% 99% 87% 84%,4.488,16.612
mandelbrot,icc,6,16000,1135,0.000,0,-11,%,0.000,0.000
mandelbrot,gpp,1,16000,1791,3.454,23092,0,97% 98% 98% 100%,0.890,3.490
mandelbrot,mri,4,16000,846,0.000,0,-1,0% 8% 8% 85%,3605.880,3626.025
mandelbrot,java,3,16000,903,29.612,72220,0,99% 99% 99% 99%,7.488,29.691
mandelbrot,julia,1,16000,373,27.343,198028,0,1% 1% 100% 1%,27.088,27.609
mandelbrot,clang,2,16000,400,25.398,596,0,0% 0% 0% 100%,25.400,25.560
mandelbrot,gcc,3,16000,763,13.920,32444,0,99% 99% 100% 100%,3.496,13.932
mandelbrot,gcc,1,16000,822,13.924,24968,0,100% 100% 100% 100%,3.486,13.946
mandelbrot,ocamlflambda,6,16000,444,55.521,3244,0,0% 100% 0% 0%,55.524,55.825
mandelbrot,gpp,6,16000,1002,3.834,22168,0,99% 99% 99% 99%,0.972,3.849
mandelbrot,clang,3,16000,763,14.182,32744,0,99% 100% 100% 100%,3.561,14.203
mandelbrot,icc,9,16000,694,14.498,30120,0,100% 100% 100% 100%,3.631,14.524
mandelbrot,racketcs,4,16000,801,43.865,137432,0,98% 98% 98% 100%,11.128,43.920
mandelbrot,sbcl,3,16000,894,29.519,49528,0,100% 100% 34% 34%,11.022,29.548
mandelbrot,clang,9,16000,694,8.306,26300,0,100% 100% 100% 100%,2.085,8.321
mandelbrot,clang,1,16000,822,13.923,24812,0,100% 100% 100% 100%,3.492,13.957
mandelbrot,hipe,3,16000,792,351.459,51732,0,100% 100% 100% 100%,88.035,351.942
mandelbrot,rust,7,16000,757,3.648,26112,0,100% 100% 100% 100%,0.918,3.672
mandelbrot,racket,3,16000,802,48.872,38000,0,0% 0% 0% 100%,48.826,49.156
mandelbrot,gnat,2,16000,577,26.949,1784,0,0% 0% 100% 0%,26.951,27.031
mandelbrot,ghc,2,16000,782,26.246,35900,0,100% 100% 100% 100%,6.585,26.300
mandelbrot,julia,6,16000,562,6.855,249300,0,50% 58% 90% 90%,2.393,6.887
mandelbrot,mri,5,16000,1037,7979.750,52496,0,100% 100% 100% 100%,4325.227,17300.727
mandelbrot,julia,8,16000,621,4.730,231136,0,83% 98% 83% 83%,1.367,4.747
mandelbrot,gcc,7,16000,994,13.893,33392,0,100% 100% 100% 100%,3.487,13.919
mandelbrot,go,6,16000,700,27.247,30620,0,100% 100% 100% 100%,6.843,27.271
mandelbrot,rust,3,16000,1007,0.000,0,-11,%,0.000,0.000
mandelbrot,java,4,16000,660,16.133,68012,0,82% 51% 98% 76%,5.274,16.220
mandelbrot,openj9,3,16000,903,30.305,101636,0,98% 98% 100% 99%,7.696,30.324
mandelbrot,rust,1,16000,868,11.506,39072,0,96% 99% 96% 99%,2.954,11.527
mandelbrot,racket,2,16000,585,51.403,36784,0,0% 0% 100% 0%,51.354,51.845
mandelbrot,racket,1,16000,517,73.340,36472,0,0% 0% 100% 0%,73.271,73.712
mandelbrot,yarv,5,16000,1037,1602.556,60248,0,100% 100% 100% 100%,401.194,1604.015
mandelbrot,julia,4,16000,574,7.390,240956,0,47% 56% 90% 90%,2.623,7.429
mandelbrot,ocaml,6,16000,444,28.187,2892,0,0% 0% 100% 0%,28.189,28.289
mandelbrot,gcc,2,16000,400,25.318,592,0,0% 1% 100% 0%,25.321,25.671
mandelbrot,lua,6,16000,623,303.847,17912,0,86% 84% 100% 77%,87.878,304.223
mandelbrot,gcc,4,16000,799,13.789,29192,0,100% 100% 100% 100%,3.454,13.804
mandelbrot,gpp,3,16000,414,28.402,1608,0,0% 10% 0% 91%,28.414,28.707
mandelbrot,go,1,16000,823,20.921,31272,0,100% 100% 100% 100%,5.239,20.916
mandelbrot,racketcs,1,16000,517,53.349,69436,0,0% 0% 1% 100%,53.352,53.822
mandelbrot,csharppreview,9,16000,816,12.258,57328,0,97% 99% 97% 97%,3.143,12.263
mandelbrot,openj9,6,16000,802,18.005,114644,0,98% 97% 97% 98%,4.621,18.025
mandelbrot,mri,3,16000,307,7233.902,3704,0,0% 8% 92% 0%,7234.379,7291.959
mandelbrot,racketcs,2,16000,585,54.314,71368,0,0% 0% 0% 100%,54.318,54.658
mandelbrot,dart,2,16000,911,32.272,216820,0,37% 36% 98% 98%,12.004,32.343
mandelbrot,php,3,16000,875,294.158,123856,0,100% 100% 100% 100%,73.708,294.401
mandelbrot,chapel,3,16000,588,13.236,36108,0,99% 99% 99% 99%,3.351,13.253
mandelbrot,ocaml,1,16000,717,30.090,4944,0,100% 100% 100% 100%,7.551,30.123
mandelbrot,rust,5,16000,719,4.710,28964,0,99% 99% 98% 98%,1.194,4.718
mandelbrot,gfortran,5,16000,520,35.155,1120,0,1% 100% 0% 1%,35.165,35.626
mandelbrot,openj9,1,16000,665,28.042,54996,0,1% 1% 76% 24%,27.845,28.443
mandelbrot,go,2,16000,837,27.075,31748,0,99% 99% 100% 100%,6.797,27.088
mandelbrot,icc,1,16000,822,0.000,0,-11,%,0.000,0.000
mandelbrot,gpp,2,16000,692,17.271,34424,0,0% 100% 0% 0%,17.273,17.443
mandelbrot,csharpcore,1,16000,1974,12.389,61780,0,97% 97% 99% 97%,3.182,12.397
mandelbrot,lua,1,16000,359,253.176,2480,0,0% 0% 17% 84%,253.262,255.230
mandelbrot,java,2,16000,796,16.282,71012,0,99% 99% 98% 98%,4.144,16.294
mandelbrot,fpascal,3,16000,526,27.837,8,0,100% 0% 0% 0%,27.839,27.919
mandelbrot,rust,6,16000,1332,5.115,28768,0,98% 98% 100% 98%,1.295,5.121
mandelbrot,fpascal,6,16000,802,32.968,35536,0,100% 100% 99% 99%,8.291,32.975
mandelbrot,csharpaot,9,16000,816,12.387,61776,0,97% 98% 97% 98%,3.180,12.399
mandelbrot,yarv,4,16000,846,746.379,80396,0,25% 25% 25% 25%,744.479,749.955
mandelbrot,openj9,2,16000,796,17.165,110124,0,96% 98% 98% 97%,4.428,17.244
mandelbrot,julia,3,16000,579,7.512,266860,0,99% 90% 89% 89%,2.054,7.545
mandelbrot,clang,7,16000,994,13.899,34040,0,99% 99% 100% 99%,3.495,13.909
mandelbrot,fsharpcore,5,16000,897,15.910,63768,0,97% 98% 98% 99%,4.071,15.955
mandelbrot,typescript,3,16000,1183,16.068,87776,0,99% 98% 98% 98%,4.097,16.096
mandelbrot,ifc,5,16000,520,44.849,44012,0,0% 100% 0% 0%,44.853,45.103
mandelbrot,mri,7,16000,973,0.000,0,-2,12% 28% 0% 21%,0.250,0.152
mandelbrot,csharpcore,9,16000,816,12.383,61812,0,97% 98% 97% 99%,3.174,12.406
mandelbrot,clang,4,16000,799,13.871,31360,0,100% 100% 100% 100%,3.473,13.883
mandelbrot,gfortran,4,16000,618,26.207,33788,0,42% 29% 87% 87%,10.658,26.228
mandelbrot,perl,1,16000,586,2128.932,43996,0,100% 100% 100% 100%,532.775,2130.592
mandelbrot,dartexe,2,16000,911,31.164,83892,0,36% 36% 99% 99%,11.516,31.231
mandelbrot,icc,2,16000,400,24.728,952,0,0% 0% 100% 0%,24.730,24.770
mandelbrot,php,1,16000,449,276.547,7928,0,1% 100% 0% 0%,276.663,279.404
mandelbrot,fsharpcore,6,16000,933,14.743,63096,0,98% 97% 98% 98%,3.769,14.758
mandelbrot,gpp,5,16000,590,13.312,33572,0,0% 100% 0% 0%,13.316,13.326
mandelbrot,dartsnapshot,2,16000,911,31.285,124740,0,36% 99% 99% 37%,11.568,31.356
mandelbrot,rust,8,16000,763,3.648,26060,0,99% 100% 100% 100%,0.918,3.662
mandelbrot,hipe,4,16000,806,339.805,55736,0,100% 100% 100% 100%,85.079,340.105
mandelbrot,chapel,1,16000,460,26.746,35996,0,100% 99% 99% 99%,6.728,26.771
mandelbrot,vw,1,16000,603,321.032,54292,0,1% 31% 0% 69%,321.174,325.001
mandelbrot,yarv,6,16000,918,0.000,0,-2,87% 87% 86% 87%,35.235,122.317
mandelbrot,fpascal,7,16000,950,26.820,36684,0,97% 97% 100% 100%,6.815,26.842
mandelbrot,swift,1,16000,394,26.284,6940,0,100% 1% 0% 0%,26.286,26.527
nbody,dartexe,2,50000000,1264,13.624,18344,0,0% 0% 100% 1%,13.535,13.755
nbody,swift,9,50000000,1526,275.248,12204,0,1% 1% 1% 100%,275.363,281.519
nbody,fsharpcore,1,50000000,1235,0.000,0,-10,36% 20% 2% 3%,1.275,0.777
nbody,go,1,50000000,1310,6.714,1824,0,100% 0% 1% 0%,6.707,6.777
nbody,rust,5,50000000,2220,4.834,692,0,0% 100% 0% 0%,4.835,4.845
nbody,java,4,50000000,1489,6.778,36480,0,100% 1% 0% 0%,6.742,6.843
nbody,ifc,1,50000000,1393,5.411,8,0,0% 100% 1% 0%,5.413,5.483
nbody,fsharpcore,2,50000000,1381,7.523,35936,0,1% 1% 1% 99%,7.527,7.677
nbody,swift,2,50000000,1192,9.595,6884,0,0% 100% 1% 3%,9.600,10.020
nbody,gpp,1,50000000,1659,5.901,920,0,0% 1% 2% 100%,5.906,6.057
nbody,ifc,3,50000000,1305,6.309,8,0,0% 100% 1% 2%,6.310,6.530
nbody,lua,4,50000000,1305,210.574,1092,0,0% 0% 0% 100%,210.662,212.112
nbody,csharppreview,3,50000000,1305,6.927,34424,0,1% 100% 0% 1%,6.930,7.070
nbody,csharpcore,8,50000000,1343,6.876,32596,0,99% 0% 1% 1%,6.881,6.931
nbody,gcc,2,50000000,1263,6.627,924,0,1% 100% 1% 0%,6.630,6.770
nbody,julia,7,50000000,1112,4.242,212216,0,99% 3% 2% 3%,3.987,4.258
nbody,ocamlflambda,1,50000000,1251,6.752,2568,0,2% 100% 0% 0%,6.754,6.904
nbody,rust,3,50000000,1540,5.503,688,0,2% 0% 0% 100%,5.506,5.606
nbody,perl,2,50000000,1429,411.615,6564,0,2% 2% 55% 47%,411.699,435.043
nbody,csharpaot,2,50000000,1742,4.830,31896,0,1% 1% 0% 99%,4.832,4.892
nbody,icc,3,50000000,1208,6.312,948,0,0% 0% 100% 0%,6.313,6.343
nbody,rust,2,50000000,1805,3.750,688,0,100% 1% 0% 0%,3.751,3.771
nbody,vw,1,50000000,1782,107.642,54500,0,1% 1% 1% 100%,107.647,110.109
nbody,clang,7,50000000,1244,6.951,920,0,100% 1% 0% 1%,6.953,7.113
nbody,go,3,50000000,1200,6.343,1792,0,1% 100% 0% 0%,6.337,6.437
nbody,dartexe,3,50000000,1409,15.433,18832,0,100% 1% 1% 0%,15.344,15.644
nbody,ifc,5,50000000,1664,5.970,8,0,100% 1% 1% 0%,5.973,6.053
nbody,gfortran,1,50000000,1393,6.028,1028,0,0% 0% 100% 1%,6.029,6.109
nbody,java,5,50000000,1429,7.034,36984,0,1% 1% 100% 1%,6.999,7.199
nbody,typescript,6,50000000,1293,8.413,34916,0,0% 0% 100% 0%,8.409,8.449
nbody,icc,2,50000000,1263,6.370,952,0,0% 0% 0% 100%,6.371,6.391
nbody,clang,4,50000000,1490,5.581,924,0,1% 1% 1% 100%,5.582,5.743
nbody,csharpcore,3,50000000,1305,6.906,32704,0,0% 0% 99% 0%,6.909,6.919
nbody,dart,2,50000000,1264,11.649,147908,0,2% 2% 99% 1%,11.467,11.928
nbody,ghc,2,50000000,1883,26.782,4188,0,95% 95% 100% 95%,6.953,26.840
nbody,julia,4,50000000,1155,5.899,181708,0,100% 2% 3% 3%,5.626,6.017
nbody,dartsnapshot,3,50000000,1409,8.342,34280,0,99% 1% 0% 1%,8.285,8.455
nbody,gfortran,5,50000000,1664,6.392,1084,0,0% 0% 100% 1%,6.393,6.484
nbody,rust,7,50000000,1753,3.417,1844,0,100% 0% 0% 0%,3.418,3.438
nbody,php,3,50000000,1082,221.373,7836,0,1% 100% 1% 1%,221.469,226.633
nbody,icc,4,50000000,1490,7.084,948,0,0% 0% 100% 0%,7.085,7.105
nbody,fpascal,2,50000000,1339,6.620,8,0,100% 1% 1% 0%,6.622,6.782
nbody,csharpaot,3,50000000,1305,6.908,33008,0,99% 0% 1% 3%,6.916,7.116
nbody,ocaml,1,50000000,1251,6.712,1324,0,100% 0% 0% 0%,6.713,6.744
nbody,gfortran,4,50000000,1179,0.000,0,-10,5% 22% 67% 14%,0.372,0.399
nbody,chapel,2,50000000,971,6.767,5516,0,100% 1% 1% 1%,6.756,6.927
nbody,racket,2,50000000,1689,25.334,37220,0,100% 0% 0% 0%,25.313,25.413
nbody,rust,8,50000000,1767,3.930,688,0,1% 100% 1% 1%,3.931,4.052
nbody,openj9,4,50000000,1489,7.468,185260,0,6% 1% 2% 99%,7.040,7.559
nbody,csharpcore,2,50000000,1742,4.830,31488,0,99% 0% 0% 0%,4.833,4.823
nbody,dart,3,50000000,1409,8.430,123536,0,99% 3% 1% 1%,8.315,8.625
nbody,gcc,6,50000000,1180,6.444,924,0,0% 0% 100% 1%,6.446,6.536
nbody,fpascal,1,50000000,1325,6.503,8,0,1% 0% 0% 100%,6.506,6.626
nbody,python3,2,50000000,1242,573.349,8296,0,100% 1% 1% 1%,573.369,587.316
nbody,clang,1,50000000,1173,5.929,920,0,1% 1% 100% 1%,5.930,6.041
nbody,python3,1,50000000,1196,545.233,8160,0,1% 1% 1% 100%,545.252,558.884
nbody,java,2,50000000,1424,7.364,36700,0,100% 1% 3% 2%,7.327,7.747
nbody,clang,2,50000000,1263,5.996,920,0,100% 1% 1% 1%,5.998,6.128
nbody,gcc,8,50000000,1391,4.245,8,0,100% 0% 2% 0%,4.247,4.367
nbody,icc,6,50000000,1180,6.446,952,0,0% 100% 0% 0%,6.447,6.467
nbody,ifc,4,50000000,1179,6.144,8,0,0% 100% 0% 0%,6.145,6.175
nbody,gnat,3,50000000,1750,7.220,1788,0,100% 0% 2% 1%,7.221,7.481
nbody,gcc,3,50000000,1208,6.163,924,0,0% 100% 1% 0%,6.164,6.254
nbody,swift,4,50000000,1355,5.326,12352,0,100% 1% 1% 1%,5.327,5.517
nbody,rust,6,50000000,1790,5.045,688,0,0% 100% 0% 0%,5.046,5.066
nbody,gcc,7,50000000,1244,6.445,920,0,100% 0% 1% 1%,6.447,6.547
nbody,gpp,8,50000000,1765,3.943,924,0,1% 0% 0% 100%,3.944,3.984
nbody,fsharpcore,4,50000000,1290,7.862,32264,0,99% 1% 1% 1%,7.867,8.018
nbody,clang,5,50000000,1429,4.798,596,0,0% 0% 100% 1%,4.799,4.829
nbody,ghc,1,50000000,1706,29.409,4176,0,96% 96% 100% 96%,7.613,29.473
nbody,gfortran,2,50000000,1500,6.524,1088,0,0% 100% 2% 0%,6.526,6.646
nbody,julia,6,50000000,1430,4.327,212896,0,4% 100% 2% 3%,4.070,4.410
nbody,openj9,3,50000000,1430,14.426,213240,0,85% 1% 1% 17%,14.040,14.624
nbody,swift,6,50000000,1194,6.329,6864,0,100% 0% 1% 1%,6.330,6.450
nbody,icc,8,50000000,1391,0.000,0,-11,%,0.000,0.000
nbody,openj9,5,50000000,1429,8.443,190784,0,2% 99% 6% 2%,8.003,8.594
nbody,node,6,50000000,1268,8.381,35220,0,1% 0% 100% 0%,8.377,8.467
nbody,gcc,5,50000000,1429,5.952,596,0,100% 0% 1% 0%,5.953,6.033
nbody,csharppreview,8,50000000,1343,7.062,34432,0,0% 13% 0% 100%,7.071,7.971
nbody,icc,7,50000000,1244,5.680,948,0,0% 0% 0% 100%,5.681,5.701
nbody,gpp,5,50000000,1749,5.767,1608,0,100% 1% 0% 0%,5.768,5.858
nbody,racketcs,2,50000000,1689,17.745,71844,0,3% 100% 0% 3%,17.747,18.849
nbody,gpp,2,50000000,1879,4.015,1608,0,1% 0% 100% 2%,4.017,4.147
nbody,clang,3,50000000,1208,6.313,924,0,2% 1% 100% 1%,6.315,6.605
nbody,yarv,2,50000000,1137,248.350,22032,0,0% 1% 1% 100%,246.881,253.923
nbody,gcc,1,50000000,1173,6.848,924,0,1% 100% 1% 1%,6.850,7.010
nbody,go,2,50000000,1215,6.949,1816,0,1% 1% 100% 0%,6.941,7.071
nbody,gpp,7,50000000,1808,3.935,1604,0,0% 1% 100% 1%,3.936,4.016
nbody,clang,8,50000000,1391,3.313,8,0,0% 100% 0% 0%,3.314,3.324
nbody,gfortran,3,50000000,1305,5.428,1084,0,100% 1% 0% 0%,5.430,5.530
nbody,csharpaot,8,50000000,1343,6.881,32932,0,99% 0% 1% 1%,6.884,6.974
nbody,sbcl,2,50000000,1403,7.810,18232,0,0% 1% 100% 1%,7.812,7.932
nbody,openj9,2,50000000,1424,15.678,172496,0,4% 2% 2% 99%,15.279,16.332
nbody,lua,1,50000000,1201,231.698,1080,0,0% 0% 0% 100%,231.791,233.853
nbody,racket,1,50000000,1496,44.600,39196,0,0% 100% 0% 0%,44.537,44.848
nbody,icc,1,50000000,1173,5.735,944,0,3% 0% 0% 100%,5.736,5.906
nbody,hipe,3,50000000,1399,140.421,23972,0,1% 99% 1% 1%,140.370,143.025
nbody,racketcs,1,50000000,1496,32.648,71872,0,0% 0% 100% 0%,32.651,32.772
nbody,swift,3,50000000,1204,190.361,6768,0,2% 2% 100% 1%,190.371,201.442
nbody,swift,8,50000000,1681,5.426,12276,0,100% 1% 0% 0%,5.428,5.528
nbody,fsharpcore,3,50000000,1617,6.964,34776,0,100% 1% 3% 1%,6.967,7.277
nbody,gpp,3,50000000,1763,3.989,1604,0,100% 1% 1% 1%,3.990,4.101
nbody,gnat,5,50000000,2447,8.917,1784,0,0% 1% 100% 0%,8.921,9.041
nbody,lua,2,50000000,1193,217.514,1084,0,0% 100% 0% 0%,217.522,218.823
nbody,java,3,50000000,1430,7.300,36788,0,100% 1% 2% 1%,7.264,7.474
nbody,gpp,9,50000000,1773,4.049,920,0,0% 100% 0% 1%,4.051,4.141
nbody,pharo,1,50000000,1801,115.476,80428,0,100% 0% 1% 0%,114.997,116.088
nbody,dartsnapshot,2,50000000,1264,11.487,43840,0,1% 2% 1% 99%,11.353,11.743
nbody,java,1,50000000,1430,7.754,38408,0,1% 0% 100% 1%,7.704,7.844
nbody,ifc,6,50000000,1524,4.212,8,0,0% 0% 0% 100%,4.213,4.233
nbody,rust,1,50000000,1480,3.792,688,0,6% 6% 0% 100%,3.795,4.265
nbody,csharppreview,2,50000000,1742,4.850,26924,0,0% 99% 0% 0%,4.854,4.874
nbody,julia,3,50000000,1541,7.002,187688,0,2% 100% 2% 2%,6.749,7.090
nbody,sbcl,1,50000000,1368,13.157,18244,0,0% 100% 1% 1%,13.162,13.382
nbody,gfortran,6,50000000,1524,6.555,1076,0,0% 100% 1% 0%,6.556,6.626
nbody,mri,2,50000000,1137,2266.999,3952,0,78% 12% 75% 40%,2293.988,4696.441
nbody,icc,5,50000000,1429,0.000,0,-11,%,0.000,0.000
nbody,rust,4,50000000,1803,5.217,688,0,0% 2% 100% 2%,5.218,5.418
nbody,openj9,1,50000000,1430,8.005,76284,0,1% 99% 1% 6%,7.573,8.083
nbody,julia,2,50000000,1078,24.109,256568,0,1% 1% 100% 1%,23.855,24.275
nbody,gpp,6,50000000,1668,5.667,924,0,0% 100% 1% 0%,5.670,5.740
nbody,gcc,4,50000000,1490,4.291,924,0,7% 1% 100% 0%,4.293,4.623
nbody,gpp,4,50000000,1428,5.692,596,0,100% 2% 2% 1%,5.693,5.983
nbody,ifc,2,50000000,1500,5.365,8,0,0% 100% 2% 0%,5.366,5.466
nbody,gnat,2,50000000,2617,5.119,1784,0,0% 1% 0% 100%,5.121,5.201
nbody,clang,6,50000000,1180,5.697,920,0,100% 1% 2% 0%,5.699,5.899
nbody,fpascal,3,50000000,1435,7.471,8,0,0% 0% 100% 1%,7.472,7.552
nbody,gnat,1,50000000,1618,8.165,1788,0,1% 1% 0% 100%,8.166,8.327
pidigits,java,2,10000,938,1.440,39744,0,2% 97% 5% 1%,1.347,1.428
pidigits,chapel,2,10000,423,0.775,6172,0,100% 1% 0% 3%,0.764,0.795
pidigits,openj9,2,10000,938,1.778,77000,0,24% 6% 4% 92%,1.416,1.777
pidigits,ghc,3,10000,379,3.381,9568,0,8% 9% 100% 9%,2.354,2.981
pidigits,dart,2,10000,500,3.540,149040,0,5% 4% 4% 95%,3.327,3.597
pidigits,csharpaot,5,10000,973,0.944,35048,0,5% 1% 96% 1%,0.928,0.958
pidigits,ghc,2,10000,585,3.283,9756,0,10% 10% 100% 12%,2.344,3.072
pidigits,go,1,10000,708,1.430,9712,0,2% 11% 95% 1%,1.378,1.505
pidigits,java,1,10000,800,8.603,459168,0,16% 21% 39% 35%,7.789,8.610
pidigits,vw,4,10000,753,7.223,54952,0,0% 0% 100% 0%,7.224,7.224
pidigits,java,3,10000,764,0.993,36644,0,98% 5% 2% 9%,0.943,1.073
pidigits,csharpcore,6,10000,1168,0.958,31120,0,95% 0% 3% 3%,0.966,0.975
pidigits,php,2,10000,545,1.435,9400,0,1% 100% 1% 3%,1.436,1.516
pidigits,mri,5,10000,485,0.000,0,-2,3% 0% 42% 22%,0.313,0.210
pidigits,ifc,4,10000,981,0.872,3912,0,1% 100% 1% 0%,0.873,0.893
pidigits,openj9,1,10000,800,17.134,156124,0,32% 24% 40% 49%,11.557,16.852
pidigits,gcc,1,10000,452,0.882,2660,0,1% 100% 1% 3%,0.883,0.932
pidigits,python3,4,10000,342,3.856,8896,0,0% 100% 0% 0%,3.857,3.867
pidigits,typescript,5,10000,604,1.328,36216,0,1% 1% 99% 2%,1.318,1.348
pidigits,julia,1,10000,275,1.835,224420,0,6% 6% 6% 99%,1.561,1.823
pidigits,ocamlflambda,5,10000,458,0.000,0,-11,%,0.000,0.000
pidigits,csharppreview,4,10000,1121,1.353,27436,0,98% 1% 2% 4%,1.351,1.419
pidigits,ocaml,7,10000,593,0.883,5868,0,1% 100% 2% 8%,0.884,0.984
pidigits,sbcl,3,10000,493,3.223,424508,0,0% 100% 1% 0%,3.224,3.244
pidigits,gnat,1,10000,1157,5.351,4600,0,100% 0% 0% 0%,5.353,5.373
pidigits,lua,5,10000,479,0.000,0,-2,28% 11% 11% 33%,0.180,0.150
pidigits,csharppreview,6,10000,1168,0.946,27828,0,2% 1% 97% 1%,0.951,0.961
pidigits,racket,1,10000,453,11.201,129172,0,0% 100% 0% 0%,11.177,11.227
pidigits,fpascal,3,10000,530,0.869,2020,0,100% 1% 0% 0%,0.871,0.881
pidigits,perl,1,10000,463,9.981,12800,0,0% 0% 0% 100%,9.982,10.012
pidigits,yarv,5,10000,485,2.490,303640,0,39% 30% 10% 99%,1.405,2.496
pidigits,rust,1,10000,1420,0.883,2904,0,0% 100% 2% 0%,0.884,0.904
pidigits,go,3,10000,603,1.247,8580,0,1% 50% 2% 50%,1.232,1.262
pidigits,pharo,1,10000,698,9.161,99188,0,100% 1% 0% 0%,9.098,9.158
pidigits,php,1,10000,736,325.902,10432,0,0% 9% 82% 9%,325.943,327.935
pidigits,perl,2,10000,389,2.032,8236,0,1% 100% 1% 0%,2.033,2.073
pidigits,yarv,1,10000,518,18.554,191316,0,5% 95% 2% 7%,17.145,18.799
pidigits,mri,1,10000,518,0.000,0,-10,7% 0% 1% 86%,0.712,0.672
pidigits,fpascal,1,10000,3060,14.622,656,0,0% 0% 100% 0%,14.624,14.744
pidigits,racketcs,1,10000,453,12.052,84308,0,0% 100% 0% 0%,12.055,12.075
pidigits,chapel,4,10000,512,0.771,6224,0,100% 0% 0% 1%,0.762,0.772
pidigits,python3,2,10000,386,1.551,10352,0,1% 1% 100% 1%,1.558,1.598
pidigits,sbcl,2,10000,648,5.758,424180,0,0% 1% 100% 1%,5.760,5.870
pidigits,julia,2,10000,674,1.379,176676,0,10% 99% 10% 8%,1.106,1.404
pidigits,php,5,10000,399,0.985,9116,0,1% 0% 1% 100%,0.986,1.006
pidigits,gnat,2,10000,1130,0.872,4512,0,0% 1% 100% 2%,0.873,0.903
pidigits,dartsnapshot,2,10000,500,3.379,68784,0,1% 4% 2% 98%,3.209,3.360
pidigits,php,3,10000,504,0.998,9076,0,1% 1% 99% 1%,0.999,1.019
pidigits,perl,4,10000,261,1.888,8344,0,100% 1% 0% 0%,1.889,1.899
pidigits,clang,1,10000,452,0.877,2508,0,2% 0% 100% 1%,0.879,0.909
pidigits,hipe,3,10000,562,8.577,28324,0,2% 3% 96% 6%,7.893,8.512
pidigits,node,3,10000,553,13.432,64652,0,40% 32% 5% 24%,13.237,13.380
pidigits,ghc,1,10000,460,3.400,8908,0,9% 10% 100% 11%,2.363,3.065
pidigits,csharpcore,4,10000,1121,1.369,30612,0,1% 1% 2% 97%,1.369,1.379
pidigits,ghc,6,10000,360,2.382,8204,0,8% 8% 100% 8%,1.674,2.084
pidigits,gfortran,4,10000,981,0.880,3644,0,1% 99% 0% 3%,0.881,0.911
pidigits,node,4,10000,530,6.406,64652,0,68% 26% 4% 4%,6.220,6.342
pidigits,julia,3,10000,506,1.270,167828,0,9% 11% 10% 99%,0.997,1.285
pidigits,hipe,1,10000,559,9.044,30548,0,1% 0% 0% 100%,8.781,8.951
pidigits,gpp,4,10000,513,0.884,4236,0,0% 0% 100% 0%,0.885,0.885
pidigits,gcc,2,10000,416,0.811,2664,0,1% 0% 100% 2%,0.812,0.842
pidigits,openj9,3,10000,764,1.073,50920,0,91% 1% 6% 7%,1.030,1.081
pidigits,ghc,5,10000,1694,0.897,6048,0,0% 100% 1% 0%,0.893,0.903
pidigits,go,2,10000,733,1.699,8984,0,1% 49% 51% 1%,1.676,1.702
pidigits,ocaml,5,10000,458,4.507,19228,0,100% 1% 0% 0%,4.508,4.538
pidigits,rust,2,10000,1306,0.884,2908,0,0% 0% 0% 99%,0.885,0.875
pidigits,chapel,3,10000,512,0.770,6192,0,100% 1% 1% 4%,0.762,0.811
pidigits,racketcs,2,10000,1136,1.165,72400,0,0% 0% 100% 0%,1.166,1.166
pidigits,csharpaot,4,10000,1121,1.373,30924,0,96% 1% 2% 4%,1.369,1.409
pidigits,icc,2,10000,416,0.809,3024,0,0% 100% 2% 0%,0.810,0.830
pidigits,csharpcore,5,10000,973,0.946,34960,0,4% 3% 95% 1%,0.935,0.965
pidigits,fsharpcore,6,10000,905,0.977,34372,0,1% 96% 1% 3%,0.973,0.983
pidigits,ghc,4,10000,348,2.776,9212,0,11% 10% 99% 12%,1.934,2.558
pidigits,mri,2,10000,658,0.000,0,-2,57% 22% 11% 36%,0.366,0.459
pidigits,rust,3,10000,1366,0.883,2936,0,1% 100% 0% 4%,0.884,0.933
pidigits,csharpaot,6,10000,1168,0.966,31416,0,0% 3% 95% 3%,0.972,0.982
pidigits,clang,2,10000,416,0.811,2544,0,0% 100% 0% 4%,0.812,0.842
pidigits,fpascal,2,10000,828,5.340,2464,0,0% 0% 0% 100%,5.341,5.351
pidigits,hipe,2,10000,512,11.718,33836,0,6% 23% 10% 96%,8.413,11.276
pidigits,csharppreview,5,10000,973,0.927,30060,0,2% 3% 97% 2%,0.914,0.954
pidigits,python3,3,10000,567,1.289,11976,0,0% 100% 1% 0%,1.290,1.300
pidigits,icc,1,10000,452,0.880,3016,0,100% 2% 0% 0%,0.881,0.901
pidigits,lua,1,10000,522,0.000,0,-2,44% 0% 0% 27%,0.158,0.111
pidigits,dartexe,2,10000,500,3.678,42972,0,99% 0% 1% 2%,3.607,3.686
pidigits,fsharpcore,4,10000,874,1.379,35468,0,4% 4% 97% 0%,1.371,1.430
pidigits,yarv,2,10000,658,5.224,190172,0,31% 29% 100% 13%,3.065,5.318
pidigits,php,4,10000,389,0.999,9112,0,0% 99% 1% 2%,1.000,1.020
pidigits,ocamlflambda,7,10000,593,0.000,0,-11,%,0.000,0.000
pidigits,racket,2,10000,1136,1.165,36792,0,0% 0% 1% 100%,1.164,1.175
pidigits,lua,7,10000,477,0.000,0,-2,33% 0% 0% 60%,0.150,0.140
pidigits,swift,2,10000,600,0.886,8484,0,0% 100% 1% 0%,0.887,0.897
pidigits,node,5,10000,599,1.308,36036,0,0% 1% 100% 1%,1.297,1.317
regexredux,perl,2,5000000,710,28.438,204864,0,0% 100% 73% 0%,16.457,28.526
regexredux,dartsnapshot,3,5000000,1041,7.202,832908,0,21% 19% 91% 23%,4.657,7.199
regexredux,go,4,5000000,829,35.797,398340,0,67% 52% 77% 49%,14.680,36.017
regexredux,csharpaot,8,5000000,1869,2.665,331712,0,85% 30% 40% 33%,1.423,2.680
regexredux,icc,2,5000000,1115,3.176,103584,0,0% 0% 100% 0%,3.177,3.187
regexredux,gcc,5,5000000,1397,2.010,148844,0,53% 100% 54% 48%,0.798,2.029
regexredux,ocaml,2,5000000,637,14.834,901836,0,100% 3% 1% 0%,14.835,15.466
regexredux,gpp,5,5000000,852,6.006,214572,0,90% 20% 30% 21%,3.714,6.015
regexredux,rust,3,5000000,719,1.905,197908,0,82% 11% 11% 31%,1.417,1.916
regexredux,dart,3,5000000,1041,7.604,914036,0,21% 25% 91% 20%,4.917,7.716
regexredux,rust,6,5000000,986,1.758,153228,0,12% 85% 28% 15%,1.297,1.819
regexredux,dartsnapshot,2,5000000,677,7.008,464484,0,6% 5% 7% 96%,6.306,7.196
regexredux,python3,2,5000000,1403,2.636,404320,0,32% 41% 33% 88%,1.372,2.650
regexredux,icc,4,5000000,1230,3.845,154120,0,98% 94% 97% 98%,0.997,3.857
regexredux,rust,2,5000000,701,1.877,153144,0,11% 12% 100% 11%,1.414,1.894
regexredux,rust,4,5000000,765,1.857,183452,0,81% 31% 18% 0%,1.414,1.857
regexredux,icc,3,5000000,1266,4.268,105516,0,47% 47% 46% 100%,1.787,4.288
regexredux,typescript,3,5000000,680,5.793,1080448,0,30% 91% 2% 1%,4.695,5.810
regexredux,mri,9,5000000,334,41.699,164244,0,1% 8% 92% 100%,41.701,83.809
regexredux,sbcl,3,5000000,1972,0.000,0,-2,7% 44% 0% 43%,0.151,0.140
regexredux,perl,1,5000000,464,21.713,205036,0,1% 100% 0% 0%,21.715,21.965
regexredux,gfortran,1,5000000,2225,0.000,0,-2,30% 3% 0% 70%,0.296,0.306
regexredux,yarv,3,5000000,724,5.768,277372,0,90% 43% 38% 49%,9.491,20.854
regexredux,fpascal,1,5000000,1273,0.000,0,-2,7% 41% 33% 12%,0.161,0.149
regexredux,gpp,6,5000000,2850,2.176,275752,0,36% 37% 100% 40%,1.028,2.189
regexredux,gcc,2,5000000,1115,3.173,101956,0,1% 100% 0% 0%,3.175,3.205
regexredux,typescript,4,5000000,463,5.951,898280,0,30% 2% 46% 26%,5.732,5.994
regexredux,rust,1,5000000,804,1.838,145784,0,11% 100% 12% 12%,1.373,1.853
regexredux,dart,2,5000000,677,7.271,551860,0,85% 9% 5% 21%,6.516,7.843
regexredux,clang,5,5000000,1397,2.777,154176,0,77% 83% 85% 99%,0.811,2.788
regexredux,go,1,5000000,741,62.408,370684,0,59% 48% 65% 68%,26.098,62.516
regexredux,rust,5,5000000,771,1.807,200516,0,88% 9% 7% 49%,1.373,2.083
regexredux,mri,3,5000000,724,8.798,221312,0,100% 100% 47% 47%,16.427,48.125
regexredux,julia,4,5000000,766,3.118,391140,0,66% 99% 5% 16%,1.778,3.305
regexredux,java,3,5000000,929,18.627,647984,0,82% 88% 77% 77%,5.745,18.611
regexredux,gcc,4,5000000,1230,3.248,148692,0,85% 100% 73% 90%,0.942,3.287
regexredux,dartexe,3,5000000,1041,79.248,790776,0,99% 6% 6% 6%,68.532,79.938
regexredux,julia,5,5000000,759,3.078,385152,0,66% 7% 98% 6%,1.747,3.092
regexredux,fsharpcore,7,5000000,599,6.246,985812,0,78% 27% 17% 21%,4.374,6.257
regexredux,python3,1,5000000,512,18.044,455420,0,39% 89% 37% 29%,9.499,18.384
regexredux,julia,1,5000000,408,3.710,476576,0,2% 99% 3% 3%,3.453,3.705
regexredux,perl,4,5000000,820,29.756,156124,0,51% 96% 61% 91%,9.990,29.815
regexredux,openj9,1,5000000,868,24.418,842480,0,24% 48% 73% 34%,13.887,24.774
regexredux,julia,3,5000000,622,3.663,478904,0,98% 6% 6% 76%,1.991,3.692
regexredux,swift,1,5000000,715,51.323,878976,0,18% 83% 2% 91%,26.876,52.039
regexredux,node,3,5000000,668,5.771,1115744,0,2% 2% 29% 91%,4.673,5.763
regexredux,swift,2,5000000,671,49.530,682716,0,0% 0% 100% 0%,49.534,49.875
regexredux,racketcs,2,5000000,729,25.462,1385500,0,37% 0% 100% 31%,15.215,25.575
regexredux,mri,2,5000000,437,34.595,160388,0,100% 100% 0% 1%,34.598,69.486
regexredux,gnat,6,5000000,3788,0.000,0,-10,17% 18% 28% 62%,0.285,0.355
regexredux,ifc,1,5000000,2225,3.080,175876,0,74% 98% 75% 70%,0.976,3.103
regexredux,chapel,2,5000000,489,8.053,482612,0,99% 17% 18% 14%,5.489,8.158
regexredux,icc,5,5000000,1397,2.819,154432,0,78% 79% 72% 100%,0.858,2.825
regexredux,csharpcore,8,5000000,1869,2.663,344184,0,39% 29% 87% 34%,1.420,2.677
regexredux,gcc,3,5000000,1266,3.270,103532,0,36% 28% 29% 100%,1.700,3.283
regexredux,clang,3,5000000,1266,4.282,105312,0,51% 51% 51% 100%,1.704,4.299
regexredux,fsharpcore,6,5000000,611,31.730,1289368,0,83% 76% 80% 81%,9.950,31.842
regexredux,racketcs,1,5000000,541,24.350,1077868,0,0% 0% 1% 100%,24.353,24.603
regexredux,pharo,1,5000000,705,0.000,0,-2,47% 16% 3% 9%,2.750,2.073
regexredux,racket,1,5000000,541,32.353,1024448,0,1% 0% 100% 0%,32.306,32.677
regexredux,ghc,3,5000000,2213,2.286,308072,0,46% 51% 80% 62%,0.970,2.315
regexredux,csharppreview,5,5000000,673,9.095,1283960,0,75% 83% 62% 67%,3.260,9.356
regexredux,lua,1,5000000,482,0.000,0,-2,0% 52% 9% 20%,0.210,0.171
regexredux,java,1,5000000,868,17.771,634280,0,23% 45% 72% 49%,9.393,17.767
regexredux,csharppreview,8,5000000,1869,2.673,276904,0,86% 39% 42% 24%,1.427,2.723
regexredux,racket,2,5000000,729,34.550,1243324,0,56% 69% 1% 99%,15.436,34.697
regexredux,java,6,5000000,740,18.456,630220,0,84% 71% 81% 82%,5.805,18.484
regexredux,csharpcore,5,5000000,673,32.948,1296664,0,86% 82% 78% 75%,10.294,32.984
regexredux,gpp,2,5000000,700,5.824,198876,0,0% 0% 86% 86%,3.405,5.839
regexredux,gpp,3,5000000,853,19.057,216596,0,1% 44% 0% 100%,13.248,19.233
regexredux,clang,2,5000000,1115,3.103,103008,0,2% 1% 100% 1%,3.105,3.245
regexredux,yarv,9,5000000,334,24.021,420348,0,0% 23% 1% 77%,23.748,24.206
regexredux,gpp,4,5000000,1315,3.391,203840,0,63% 71% 99% 78%,1.090,3.395
regexredux,fpascal,2,5000000,1503,0.000,0,-2,0% 44% 17% 0%,0.194,0.119
regexredux,perl,3,5000000,854,30.520,156584,0,96% 89% 50% 65%,10.165,30.596
regexredux,ocamlflambda,2,5000000,637,14.808,1055452,0,0% 0% 0% 100%,14.810,14.850
regexredux,go,5,5000000,810,5.714,382828,0,21% 42% 47% 51%,3.565,5.708
regexredux,chapel,3,5000000,493,6.748,485144,0,99% 22% 22% 19%,4.248,6.897
regexredux,csharpaot,5,5000000,673,33.085,1275264,0,88% 78% 75% 81%,10.294,33.143
regexredux,node,4,5000000,463,5.940,903128,0,33% 1% 68% 2%,5.720,5.923
regexredux,gpp,1,5000000,656,5.801,194692,0,1% 0% 0% 100%,5.802,5.863
regexredux,clang,4,5000000,1230,3.760,153952,0,98% 100% 98% 98%,0.961,3.784
regexredux,gnat,5,5000000,3640,13.397,154104,0,75% 71% 84% 61%,4.616,13.422
regexredux,swift,4,5000000,745,53.281,1061144,0,92% 32% 31% 41%,27.223,53.413
regexredux,hipe,6,5000000,1048,60.838,3377136,0,16% 45% 22% 63%,41.907,61.086
regexredux,php,1,5000000,816,1.617,271952,0,37% 75% 43% 50%,1.711,3.501
regexredux,yarv,2,5000000,437,19.791,326408,0,39% 17% 21% 25%,19.504,19.895
regexredux,openj9,6,5000000,740,22.968,954812,0,81% 74% 55% 56%,8.628,22.998
regexredux,dartexe,2,5000000,677,76.859,492104,0,100% 1% 1% 0%,76.284,77.275
regexredux,go,3,5000000,829,64.538,426100,0,50% 74% 68% 56%,26.181,64.939
regexredux,openj9,3,5000000,929,23.979,932892,0,58% 64% 62% 82%,9.008,23.983
revcomp,gnat,2,100000000,3283,2.465,785536,0,0% 75% 39% 0%,2.150,2.474
revcomp,go,1,100000000,1254,0.000,0,-2,14% 5% 19% 36%,2.675,2.008
revcomp,racketcs,1,100000000,553,23.232,2078152,0,100% 0% 0% 0%,23.241,23.281
revcomp,go,6,100000000,1338,2.524,1465376,0,51% 47% 38% 50%,1.377,2.542
revcomp,ocaml,2,100000000,407,0.000,0,-11,%,0.000,0.000
revcomp,racket,2,100000000,1030,9.774,567428,0,0% 0% 0% 100%,9.764,9.804
revcomp,dartexe,4,100000000,885,97.425,1037004,0,29% 2% 44% 26%,95.925,97.584
revcomp,ocaml,1,100000000,1368,0.002,33620,0,63% 62% 68% 65%,1.639,4.247
revcomp,ifc,2,100000000,772,34.912,747368,0,0% 100% 0% 0%,34.915,35.045
revcomp,openj9,7,100000000,1647,16.213,1083964,0,54% 17% 23% 13%,24.913,26.525
revcomp,csharppreview,7,100000000,1310,4.244,971140,0,36% 93% 68% 93%,1.486,4.322
revcomp,gpp,1,100000000,592,6.205,979956,0,0% 0% 0% 100%,6.207,6.227
revcomp,hipe,4,100000000,1171,163.854,1521652,0,14% 17% 49% 57%,125.553,173.397
revcomp,gfortran,2,100000000,772,14.472,761588,0,10% 1% 0% 89%,16.248,16.215
revcomp,csharpcore,5,100000000,1613,3.991,1031492,0,6% 35% 6% 96%,2.798,4.009
revcomp,icc,4,100000000,709,4.601,500820,0,0% 0% 100% 0%,4.603,4.613
revcomp,go,5,100000000,996,2.496,1559684,0,76% 9% 38% 43%,1.512,2.520
revcomp,hipe,1,100000000,1302,68.469,2842416,0,70% 59% 71% 68%,25.490,68.583
revcomp,ocaml,3,100000000,1375,0.000,0,-11,%,0.000,0.000
revcomp,hipe,3,100000000,630,189.075,6129676,0,6% 59% 12% 30%,186.844,200.816
revcomp,icc,6,100000000,820,4.238,601068,0,100% 100% 100% 99%,1.065,4.250
revcomp,ocamlflambda,3,100000000,1375,0.000,0,-11,%,0.000,0.000
revcomp,ocamlflambda,4,100000000,2079,0.000,0,-11,%,0.000,0.000
revcomp,csharpcore,7,100000000,1310,4.086,967044,0,41% 93% 96% 57%,1.455,4.173
revcomp,yarv,1,100000000,548,33.110,2009012,0,96% 24% 5% 39%,20.161,33.104
revcomp,julia,8,100000000,522,1.726,671232,0,8% 7% 97% 8%,1.469,1.761
revcomp,chapel,3,100000000,755,3.528,2046052,0,96% 45% 39% 42%,1.644,3.649
revcomp,yarv,5,100000000,295,13.507,1610856,0,9% 100% 11% 15%,13.203,17.773
revcomp,yarv,4,100000000,601,18.255,2009456,0,75% 42% 43% 38%,9.196,18.226
revcomp,java,7,100000000,1647,5.668,1034140,0,6% 2% 55% 28%,21.809,19.793
revcomp,go,2,100000000,611,1.832,825932,0,4% 96% 4% 14%,1.792,2.123
revcomp,ghc,2,100000000,982,8.460,3462992,0,12% 100% 11% 10%,6.320,8.411
revcomp,node,2,100000000,1221,17.683,1184460,0,51% 49% 2% 2%,17.059,17.664
revcomp,gnat,1,100000000,937,11.899,525120,0,0% 0% 100% 0%,11.902,11.962
revcomp,mri,2,100000000,264,21.409,492788,0,1% 100% 0% 100%,21.412,43.014
revcomp,pharo,2,100000000,713,151.522,1072436,0,2% 0% 100% 1%,151.660,157.071
revcomp,perl,3,100000000,287,6.346,1495212,0,100% 2% 0% 0%,6.350,6.541
revcomp,julia,2,100000000,460,28.791,1732884,0,0% 100% 1% 0%,28.537,28.898
revcomp,php,2,100000000,274,11.562,1778132,0,0% 100% 0% 0%,11.566,11.586
revcomp,pharo,1,100000000,892,541.865,1072476,0,1% 94% 1% 6%,540.306,553.427
revcomp,python3,1,100000000,479,9.777,1956908,0,1% 100% 0% 0%,9.779,9.949
revcomp,gcc,4,100000000,709,3.361,500200,0,0% 0% 1% 100%,3.364,3.384
revcomp,openj9,4,100000000,651,6.966,1853716,0,98% 3% 4% 2%,6.602,7.052
revcomp,csharpaot,6,100000000,1621,3.839,1030140,0,74% 93% 29% 44%,1.606,3.845
revcomp,ocamlflambda,1,100000000,1368,0.002,33900,0,64% 73% 69% 69%,1.711,4.712
revcomp,typescript,7,100000000,1480,0.000,0,-2,20% 0% 3% 30%,1.214,0.637
revcomp,java,8,100000000,2183,3.711,677584,0,55% 74% 48% 61%,1.581,3.763
revcomp,dartsnapshot,3,100000000,555,48.679,6501860,0,10% 8% 42% 56%,42.124,48.813
revcomp,java,6,100000000,752,3.768,2060100,0,14% 66% 41% 1%,3.103,3.772
revcomp,mri,5,100000000,295,0.000,0,-2,77% 7% 17% 100%,0.129,0.258
revcomp,fsharpcore,5,100000000,1140,4.223,1030248,0,95% 89% 35% 58%,1.528,4.242
revcomp,ocamlflambda,2,100000000,407,0.000,0,-11,%,0.000,0.000
revcomp,mri,1,100000000,548,0.000,0,-2,55% -17% 43% 100%,0.079,0.142
revcomp,gcc,6,100000000,820,1.238,624308,0,27% 18% 99% 0%,0.856,1.229
revcomp,chapel,2,100000000,983,4.531,1052352,0,98% 19% 28% 4%,3.067,4.565
revcomp,clang,4,100000000,709,3.658,500224,0,1% 0% 1% 100%,3.660,3.720
revcomp,yarv,2,100000000,264,19.222,510944,0,2% 1% 100% 0%,18.768,19.259
revcomp,dartsnapshot,2,100000000,561,63.337,6502724,0,76% 24% 5% 10%,55.627,63.643
revcomp,gpp,5,100000000,720,33.922,491752,0,0% 0% 100% 0%,33.924,34.085
revcomp,dart,2,100000000,561,64.285,6599464,0,87% 15% 6% 6%,56.616,64.457
revcomp,csharpaot,5,100000000,1613,3.995,1031384,0,10% 12% 37% 87%,2.795,4.088
revcomp,yarv,3,100000000,517,17.685,2009132,0,49% 94% 9% 39%,9.265,17.640
revcomp,openj9,6,100000000,752,7.562,2028508,0,7% 8% 75% 43%,6.354,8.418
revcomp,dart,4,100000000,885,116.718,1154640,0,33% 58% 6% 6%,113.770,116.981
revcomp,dartsnapshot,4,100000000,885,116.424,1063968,0,15% 43% 38% 7%,113.856,116.837
revcomp,gcc,5,100000000,647,1.395,994020,0,100% 1% 0% 1%,1.397,1.417
revcomp,gcc,2,100000000,750,1.439,994224,0,34% 17% 14% 87%,0.973,1.471
revcomp,java,5,100000000,1108,4.544,1125552,0,10% 60% 3% 31%,4.382,4.532
revcomp,csharppreview,6,100000000,1621,3.753,1031636,0,50% 76% 94% 25%,1.549,3.795
revcomp,sbcl,2,100000000,647,0.000,0,-1,2% 2% 2% 3%,300.798,28.584
revcomp,mri,3,100000000,517,0.000,0,-10,42% 29% 17% 100%,0.237,0.446
revcomp,python3,4,100000000,335,12.339,4020772,0,100% 0% 0% 0%,12.354,12.434
revcomp,gpp,3,100000000,840,2.484,500064,0,0% 0% 100% 0%,2.486,2.496
revcomp,ghc,3,100000000,1020,3.681,501644,0,6% 100% 6% 6%,2.916,3.427
revcomp,swift,1,100000000,1286,2.235,733260,0,1% 53% 74% 4%,1.782,2.347
revcomp,clang,5,100000000,647,1.932,994024,0,0% 100% 1% 0%,1.934,1.954
revcomp,racketcs,2,100000000,1030,8.842,769356,0,0% 0% 100% 0%,8.843,8.853
revcomp,python3,6,100000000,814,10.597,1005204,0,81% 1% 47% 20%,7.146,10.622
revcomp,php,1,100000000,312,9.809,1457608,0,100% 0% 0% 0%,9.813,9.913
revcomp,lua,4,100000000,594,55.397,634224,0,0% 0% 100% 0%,55.417,55.697
revcomp,clang,6,100000000,820,3.897,585620,0,100% 100% 100% 99%,0.981,3.915
revcomp,gpp,2,100000000,2093,0.629,499668,0,2% 0% 0% 100%,0.630,0.640
revcomp,icc,5,100000000,647,1.460,994632,0,1% 0% 0% 100%,1.461,1.471
revcomp,dartexe,2,100000000,561,102.282,8507996,0,2% 4% 79% 22%,96.696,102.573
revcomp,julia,9,100000000,449,2.017,669320,0,7% 5% 97% 5%,1.770,2.001
revcomp,go,3,100000000,605,1.972,826128,0,12% 1% 90% 3%,1.933,2.043
revcomp,dartexe,3,100000000,555,60.635,8507472,0,3% 98% 4% 4%,55.682,60.775
revcomp,node,7,100000000,1480,4.297,1520648,0,37% 42% 33% 92%,2.076,4.231
revcomp,openj9,5,100000000,1108,7.915,1229820,0,98% 3% 7% 2%,7.489,8.169
revcomp,rust,2,100000000,1330,1.338,994912,0,27% 81% 46% 27%,0.742,1.343
revcomp,php,3,100000000,438,4.037,508064,0,2% 30% 55% 69%,7.296,11.413
revcomp,python3,2,100000000,434,9.574,1762536,0,1% 0% 0% 100%,9.577,9.677
revcomp,csharppreview,5,100000000,1613,4.020,1034340,0,16% 90% 28% 11%,2.818,4.084
revcomp,vw,1,100000000,923,0.000,0,-10,2% 1% 0% 97%,8.944,8.955
revcomp,dart,3,100000000,555,47.480,6604280,0,74% 19% 17% 6%,41.039,47.643
revcomp,csharpcore,6,100000000,1621,3.850,1028372,0,93% 48% 75% 24%,1.626,3.896
revcomp,lua,5,100000000,752,42.023,2120492,0,0% 0% 30% 70%,42.037,42.261
revcomp,lua,2,100000000,553,45.692,2654644,0,0% 0% 0% 100%,45.696,46.087
revcomp,sbcl,1,100000000,904,6.492,1394156,0,1% 1% 100% 0%,6.494,6.614
revcomp,gpp,6,100000000,1832,3.852,1383728,0,33% 14% 66% 22%,2.864,3.864
revcomp,icc,2,100000000,750,1.658,994808,0,21% 88% 44% 11%,1.162,1.908
revcomp,mri,4,100000000,601,0.000,0,-2,56% 38% 63% 100%,0.154,0.394
revcomp,gfortran,1,100000000,1019,0.000,0,-10,0% 0% 35% 44%,0.178,0.142
revcomp,openj9,3,100000000,1722,6.850,1251012,0,87% 90% 57% 70%,2.258,6.863
revcomp,racket,1,100000000,553,32.066,1733988,0,1% 0% 100% 0%,32.018,32.239
revcomp,ifc,1,100000000,1019,3.876,985356,0,0% 0% 0% 100%,3.877,3.887
revcomp,node,8,100000000,1481,4.309,1520640,0,14% 67% 61% 62%,2.073,4.257
revcomp,java,3,100000000,1722,5.124,1173596,0,41% 86% 37% 56%,2.303,5.075
revcomp,clang,2,100000000,750,1.530,994228,0,88% 30% 15% 12%,1.062,1.544
revcomp,java,4,100000000,651,4.941,1930420,0,2% 10% 56% 35%,4.777,4.954
revcomp,fpascal,2,100000000,771,3.665,488916,0,1% 0% 100% 1%,3.666,3.726
revcomp,csharpaot,7,100000000,1310,3.965,950168,0,34% 93% 49% 94%,1.476,3.976
revcomp,openj9,8,100000000,2183,4.948,914732,0,55% 40% 77% 40%,2.338,4.948
revcomp,fsharpcore,4,100000000,1139,4.610,1031052,0,39% 91% 87% 50%,1.740,4.650
revcomp,ocaml,4,100000000,2079,0.000,0,-11,%,0.000,0.000
spectralnorm,chapel,1,5500,310,5.782,5168,0,99% 99% 99% 99%,1.463,5.801
spectralnorm,clang,3,5500,463,5.729,3136,0,100% 100% 99% 100%,1.440,5.751
spectralnorm,dartsnapshot,5,5500,489,5.431,33924,0,1% 1% 99% 1%,5.375,5.485
spectralnorm,swift,1,5500,438,5.356,12008,0,100% 0% 0% 0%,5.357,5.357
spectralnorm,perl,1,5500,333,104.742,7836,0,0% 100% 0% 0%,104.787,105.398
spectralnorm,icc,1,5500,383,2.657,3088,0,0% 100% 1% 0%,2.658,2.698
spectralnorm,java,3,5500,756,5.915,39376,0,96% 94% 95% 95%,1.566,5.944
spectralnorm,clang,4,5500,1139,2.866,3096,0,100% 99% 100% 100%,0.721,2.876
spectralnorm,go,1,5500,411,5.323,2712,0,100% 0% 0% 0%,5.317,5.357
spectralnorm,fsharpcore,2,5500,853,5.825,33784,0,94% 92% 96% 92%,1.559,5.828
spectralnorm,perl,5,5500,340,101.377,7868,0,0% 0% 0% 100%,101.381,102.012
spectralnorm,rust,2,5500,1110,2.888,2200,0,100% 99% 99% 99%,0.733,2.902
spectralnorm,php,2,5500,397,145.898,8896,0,0% 0% 0% 100%,145.903,147.185
spectralnorm,python3,6,5500,328,443.739,9616,0,0% 0% 100% 0%,443.755,445.546
spectralnorm,rust,5,5500,1055,2.861,2428,0,100% 100% 100% 100%,0.720,2.878
spectralnorm,rust,1,5500,1254,2.892,2216,0,99% 99% 97% 99%,0.735,2.892
spectralnorm,ifc,3,5500,638,2.861,1820,0,100% 100% 100% 100%,0.719,2.877
spectralnorm,python3,8,5500,407,463.102,50080,0,100% 100% 100% 100%,116.233,463.552
spectralnorm,hipe,2,5500,747,44.019,36596,0,99% 99% 98% 98%,11.166,44.045
spectralnorm,java,1,5500,514,7.643,38848,0,100% 0% 0% 1%,7.574,7.674
spectralnorm,sbcl,8,5500,791,5.692,15924,0,98% 99% 98% 99%,1.450,5.702
spectralnorm,icc,5,5500,569,2.858,3904,0,100% 100% 100% 100%,0.719,2.877
spectralnorm,openj9,1,5500,514,10.727,51320,0,1% 99% 2% 1%,10.485,10.805
spectralnorm,yarv,1,5500,292,149.378,23772,0,1% 0% 100% 0%,148.253,150.364
spectralnorm,csharpaot,5,5500,764,2.984,34348,0,94% 88% 92% 88%,0.832,3.006
spectralnorm,ocaml,2,5500,377,5.352,3428,0,0% 100% 0% 0%,5.353,5.383
spectralnorm,csharppreview,3,5500,878,5.786,27252,0,97% 93% 94% 95%,1.527,5.796
spectralnorm,clang,1,5500,383,5.313,1124,0,3% 4% 100% 3%,5.315,5.824
spectralnorm,hipe,1,5500,507,92.591,27580,0,56% 0% 45% 0%,92.538,93.211
spectralnorm,csharpcore,5,5500,764,2.975,34120,0,88% 90% 88% 93%,0.827,2.971
spectralnorm,dartexe,5,5500,489,5.322,9468,0,1% 0% 100% 0%,5.322,5.393
spectralnorm,rust,6,5500,1126,2.860,2452,0,100% 100% 99% 100%,0.721,2.872
spectralnorm,clang,5,5500,569,2.857,3140,0,100% 100% 100% 100%,0.718,2.874
spectralnorm,swift,3,5500,601,5.723,7932,0,99% 100% 99% 99%,1.437,5.717
spectralnorm,racket,2,5500,532,25.208,36716,0,0% 0% 100% 0%,25.185,25.245
spectralnorm,csharpaot,3,5500,878,5.795,31120,0,95% 95% 95% 95%,1.530,5.802
spectralnorm,node,1,5500,319,5.375,33264,0,100% 0% 0% 0%,5.374,5.384
spectralnorm,gcc,4,5500,1139,2.849,2356,0,99% 100% 100% 99%,0.720,2.860
spectralnorm,gcc,5,5500,569,2.847,1020,0,100% 100% 100% 99%,0.719,2.868
spectralnorm,openj9,2,5500,950,11.072,52644,0,94% 95% 95% 93%,2.938,11.084
spectralnorm,racketcs,3,5500,627,6.690,70892,0,98% 91% 92% 91%,1.796,6.683
spectralnorm,mri,1,5500,292,411.279,4400,0,0% 100% 10% 90%,411.307,825.974
spectralnorm,fsharpcore,4,5500,732,5.805,35920,0,96% 96% 91% 92%,1.575,5.911
spectralnorm,ghc,2,5500,403,6.084,5996,0,1% 100% 0% 0%,6.083,6.173
spectralnorm,dartsnapshot,1,5500,462,5.430,34004,0,1% 1% 1% 99%,5.375,5.485
spectralnorm,mri,5,5500,839,2044.794,19176,0,99% 98% 99% 99%,612.523,2423.500
spectralnorm,julia,3,5500,521,3.847,181480,0,73% 99% 72% 71%,1.220,3.849
spectralnorm,sbcl,2,5500,915,5.688,15944,0,99% 99% 99% 99%,1.442,5.698
spectralnorm,mri,4,5500,326,436.554,4500,0,1% 100% 0% 100%,436.587,876.501
spectralnorm,yarv,4,5500,326,138.783,24084,0,0% 0% 0% 100%,138.380,139.721
spectralnorm,node,6,5500,999,6.037,62744,0,90% 90% 93% 90%,1.659,6.039
spectralnorm,gcc,3,5500,463,5.678,1020,0,99% 99% 99% 99%,1.427,5.668
spectralnorm,icc,4,5500,1139,2.858,3992,0,99% 100% 99% 100%,0.719,2.856
spectralnorm,ifc,2,5500,513,2.657,1928,0,0% 0% 100% 0%,2.658,2.678
spectralnorm,icc,3,5500,463,2.889,3936,0,100% 99% 100% 100%,0.727,2.898
spectralnorm,vw,2,5500,1047,3.133,246372,0,75% 78% 76% 75%,20.528,62.396
spectralnorm,rust,4,5500,817,2.842,2448,0,100% 99% 100% 99%,0.715,2.840
spectralnorm,ghc,4,5500,987,5.703,4124,0,96% 97% 96% 98%,1.483,5.730
spectralnorm,gpp,6,5500,1044,2.844,2348,0,100% 99% 99% 99%,0.718,2.843
spectralnorm,openj9,3,5500,756,9.469,53484,0,93% 95% 92% 93%,2.544,9.468
spectralnorm,fpascal,3,5500,650,5.706,1800,0,99% 99% 99% 99%,1.446,5.733
spectralnorm,php,1,5500,1152,71.043,24120,0,100% 100% 100% 100%,17.839,71.084
spectralnorm,pharo,1,5500,674,54.731,80484,0,0% 100% 1% 0%,54.496,55.297
spectralnorm,sbcl,6,5500,505,5.316,16908,0,0% 100% 0% 0%,5.319,5.339
spectralnorm,racketcs,2,5500,532,18.748,71324,0,0% 0% 100% 0%,18.749,18.829
spectralnorm,dart,5,5500,489,5.634,123424,0,1% 1% 97% 2%,5.525,5.645
spectralnorm,java,2,5500,950,6.371,38324,0,95% 96% 96% 94%,1.679,6.397
spectralnorm,gfortran,2,5500,513,5.342,2604,0,0% 0% 100% 0%,5.343,5.373
spectralnorm,gnat,3,5500,1717,5.743,4160,0,97% 97% 98% 98%,1.474,5.755
spectralnorm,rust,3,5500,1053,2.915,2200,0,99% 99% 99% 100%,0.739,2.925
spectralnorm,node,7,5500,414,5.364,32332,0,100% 0% 0% 0%,5.362,5.392
spectralnorm,gnat,1,5500,716,5.389,3428,0,0% 1% 100% 0%,5.390,5.460
spectralnorm,vw,1,5500,642,49.249,54436,0,100% 0% 0% 0%,49.252,49.582
spectralnorm,gcc,1,5500,383,5.332,920,0,1% 3% 0% 100%,5.334,5.514
spectralnorm,truffle,7,5500,292,0.000,0,-11,%,0.000,0.000
spectralnorm,php,3,5500,1210,155.640,25732,0,100% 100% 100% 100%,39.043,155.772
spectralnorm,typescript,1,5500,388,5.420,34332,0,0% 1% 0% 100%,5.418,5.438
spectralnorm,csharppreview,5,5500,764,2.970,29744,0,90% 96% 89% 89%,0.819,2.984
spectralnorm,racket,1,5500,446,27.442,36128,0,0% 100% 0% 0%,27.417,27.457
spectralnorm,gpp,5,5500,1044,5.274,3296,0,100% 99% 99% 99%,1.326,5.275
spectralnorm,sbcl,1,5500,631,5.704,16916,0,100% 0% 0% 0%,5.706,5.746
spectralnorm,racketcs,1,5500,446,28.731,71672,0,0% 0% 0% 100%,28.735,28.845
spectralnorm,racket,3,5500,627,10.871,38512,0,94% 94% 94% 98%,2.861,10.875
spectralnorm,sbcl,7,5500,762,5.689,15932,0,98% 98% 99% 99%,1.445,5.681
spectralnorm,fpascal,1,5500,423,5.313,8,0,2% 1% 100% 1%,5.314,5.514
spectralnorm,typescript,7,5500,441,5.384,32600,0,100% 0% 0% 0%,5.382,5.402
spectralnorm,csharpcore,3,5500,878,5.793,30752,0,95% 95% 93% 95%,1.531,5.805
spectralnorm,python3,7,5500,417,484.192,49872,0,97% 97% 97% 97%,124.518,484.759
spectralnorm,lua,1,5500,329,87.178,2696,0,0% 100% 0% 0%,87.182,87.662
spectralnorm,julia,2,5500,370,5.190,186044,0,77% 78% 77% 99%,1.570,5.204
spectralnorm,yarv,5,5500,839,378.845,25108,0,96% 95% 95% 95%,99.442,379.486
spectralnorm,perl,2,5500,343,469.393,7192,0,0% 47% 0% 53%,469.507,471.875
spectralnorm,gpp,8,5500,1278,6.077,2356,0,99% 100% 99% 100%,1.529,6.094
spectralnorm,perl,4,5500,555,100.955,12092,0,98% 99% 98% 98%,25.677,101.057
spectralnorm,gfortran,3,5500,638,5.695,1188,0,100% 99% 99% 100%,1.435,5.721
spectralnorm,gpp,1,5500,452,5.425,3180,0,100% 1% 1% 0%,5.426,5.506
spectralnorm,sbcl,3,5500,890,5.687,15936,0,99% 99% 99% 99%,1.441,5.704
spectralnorm,gnat,4,5500,2770,2.859,4232,0,96% 96% 97% 99%,0.738,2.863
spectralnorm,dartexe,1,5500,462,5.320,9472,0,0% 0% 0% 100%,5.322,5.342
spectralnorm,go,2,5500,668,5.677,2116,0,98% 97% 97% 97%,1.465,5.698
spectralnorm,fpascal,2,5500,542,5.711,1876,0,99% 99% 99% 99%,1.446,5.733
spectralnorm,dart,1,5500,462,5.628,123280,0,2% 2% 1% 98%,5.520,5.650
spectralnorm,ocamlflambda,2,5500,377,6.493,6164,0,0% 100% 0% 0%,6.494,6.534
spectralnorm,go,4,5500,548,5.671,2668,0,99% 99% 99% 100%,1.432,5.700
spectralnorm,perl,3,5500,850,529.026,17860,0,99% 99% 99% 99%,133.518,529.653
